Date,OPEN,ZEPP,SLDP,COMM,WULF,WBX,WW,BE,RUN,MATV,FOSL,RDDT,ZIMV,SRFM,JOBY,ETHE,VHC,KSS,DQ,STEM,AMPX,SOFI,SNDX,KTOS,U,INBX,UAVS,AMLX,AEHR,SVRA
2024-01-01,,,,,,,,,,,,,,,,,,,,,,,,,,,,,,
2024-01-02,4.28,5.76,1.34,2.86,2.3,1.67,,14.76,19.46,14.96,1.51,,17.98,10.22,6.18,17.31,6.49,24.64,25.18,74.8,4.0,9.65,21.86,19.76,38.79,,110.0,14.97,24.95,4.37
2024-01-03,4.03,5.56,1.29,2.78,2.15,1.62,,14.02,18.44,13.86,1.45,,17.11,9.03,5.98,16.8,6.39,23.21,24.28,69.6,4.45,8.31,21.05,18.5,36.93,,100.0,16.02,23.07,4.37
2024-01-04,4.02,5.76,1.42,2.73,2.19,1.63,,13.91,17.06,13.75,1.41,,16.9,9.17,6.05,17.55,6.37,23.3,23.6,71.4,4.77,8.42,21.08,18.53,37.05,,100.0,16.64,22.57,4.35
2024-01-05,3.625,5.88,1.33,2.74,1.93,1.61,,13.77,16.16,14.07,1.45,,16.89,8.12,6.09,17.22,6.08,23.23,23.61,70.2,4.6,8.22,21.49,18.3,37.78,,100.0,16.83,22.49,4.35
2024-01-06,,,,,,,,,,,,,,,,,,,,,,,,,,,,,,
2024-01-07,,,,,,,,,,,,,,,,,,,,,,,,,,,,,,
2024-01-08,3.95,6.24,1.49,2.7,2.06,1.66,,13.89,16.64,14.11,1.49,,17.78,9.24,6.37,16.84,6.02,23.87,23.21,73.8,4.65,8.53,22.79,18.51,38.98,,110.0,16.87,22.01,4.51
2024-01-09,3.7,6.32,1.38,2.69,2.03,1.68,,13.32,16.3,12.56,1.42,,17.43,9.1,6.15,16.43,6.07,24.44,23.15,73.8,4.55,8.32,22.64,18.13,35.87,,100.0,16.4,22.35,4.28
2024-01-10,3.68,7.84,1.34,2.64,2.12,1.67,,13.47,16.31,12.76,1.39,,18.12,9.8,6.07,18.68,6.19,24.45,22.91,72.2,4.39,8.48,22.6,18.58,37.13,,100.0,16.16,18.59,4.3
2024-01-11,3.56,7.2,1.29,2.47,1.92,1.7,,12.97,15.77,12.47,1.34,,17.84,9.45,5.99,19.47,6.29,23.49,22.7,71.0,4.53,8.17,22.19,18.41,34.82,,100.0,16.22,18.23,4.19
2024-01-12,3.51,6.4,1.26,2.47,1.7,1.62,,12.73,15.1,12.34,1.31,,17.36,9.38,5.89,18.47,6.26,22.95,22.88,66.0,5.0,7.89,22.24,18.96,34.59,,100.0,15.79,17.47,4.27
2024-01-13,,,,,,,,,,,,,,,,,,,,,,,,,,,,,,
2024-01-14,,,,,,,,,,,,,,,,,,,,,,,,,,,,,,
2024-01-15,,,,,,,,,,,,,,,,,,,,,,,,,,,,,,
2024-01-16,3.22,6.4,1.19,2.42,1.51,1.46,,11.85,14.21,12.26,1.3,,17.02,9.73,5.69,19.21,6.21,22.49,21.39,55.2,4.69,7.72,22.36,18.66,34.1,,100.0,15.52,17.29,4.26
2024-01-17,3.12,6.08,1.19,2.32,1.43,1.48,,11.26,13.62,12.15,1.34,,16.76,9.1,5.69,18.2,6.29,21.92,20.7,56.0,4.86,7.53,21.65,18.36,32.98,,100.0,15.08,17.14,4.41
2024-01-18,3.01,6.2,1.17,2.37,1.31,1.42,,11.27,13.21,11.95,1.25,,17.14,9.24,5.6,17.13,6.25,21.61,21.27,55.0,4.55,7.41,21.31,18.51,32.87,,90.0,14.88,17.12,4.27
2024-01-19,3.15,6.4,1.18,2.38,1.38,1.46,,11.4,13.17,11.76,1.24,,17.82,8.89,5.63,18.07,6.27,21.88,20.38,56.2,4.32,7.49,20.68,18.35,33.14,,90.0,15.01,16.6,4.41
2024-01-20,,,,,,,,,,,,,,,,,,,,,,,,,,,,,,
2024-01-21,,,,,,,,,,,,,,,,,,,,,,,,,,,,,,
2024-01-22,3.49,6.08,1.17,2.3,1.45,1.53,,12.06,13.77,12.71,1.28,,18.09,8.96,5.87,16.91,6.19,22.9,20.09,63.0,4.43,7.92,20.85,18.59,34.22,,80.0,14.69,16.39,4.61
2024-01-23,3.36,6.4,1.49,2.46,1.43,1.58,,11.93,14.21,13.19,1.32,,17.73,8.89,5.96,15.58,6.09,22.71,20.96,66.2,4.47,7.75,21.23,18.06,34.28,,90.0,14.61,16.75,5.05
2024-01-24,3.22,6.08,1.34,2.41,1.44,1.53,,11.87,13.54,13.2,1.29,,17.52,8.19,5.76,15.85,6.1,23.49,19.63,62.6,4.31,7.56,19.71,17.39,33.03,,90.0,14.37,16.93,4.94
2024-01-25,3.38,5.6,1.405,2.45,1.52,1.44,,12.47,14.33,12.38,1.27,,17.69,7.84,5.72,16.09,6.11,24.16,19.66,65.0,4.16,7.65,19.85,17.46,32.88,,90.0,15.37,16.35,4.98
2024-01-26,3.35,5.6,1.46,2.41,1.69,1.46,,12.47,14.32,12.27,1.21,,18.76,7.7,5.63,17.07,6.16,25.21,19.18,62.8,4.12,7.62,20.22,17.2,33.11,,90.0,15.38,15.76,4.8
2024-01-27,,,,,,,,,,,,,,,,,,,,,,,,,,,,,,
2024-01-28,,,,,,,,,,,,,,,,,,,,,,,,,,,,,,
2024-01-29,3.72,5.2,1.73,2.49,1.88,1.53,,11.9,14.98,12.28,1.2,,18.97,8.4,6.13,17.66,6.4,24.66,19.02,67.2,4.24,9.16,21.1,17.63,34.6,,90.0,15.79,16.19,4.99
2024-01-30,3.55,5.0,1.64,2.45,1.88,1.49,,11.36,14.71,11.86,1.2,,17.27,7.91,5.73,17.9,6.83,23.57,18.46,61.2,4.19,8.4,20.32,17.28,33.51,,80.0,15.62,15.8,5.05
2024-01-31,3.42,4.88,1.62,2.32,1.67,1.46,,11.32,14.48,11.34,1.16,,17.48,8.33,5.46,17.14,7.06,22.63,18.05,59.2,4.09,7.83,20.49,16.93,32.4,,70.0,16.0,14.85,4.94
2024-02-01,3.53,4.84,1.78,2.35,1.83,1.44,,12.01,14.9,11.06,1.11,,17.84,8.33,5.68,17.3,7.42,23.06,18.18,61.6,4.14,7.73,21.24,17.24,31.97,,70.0,16.57,15.1,5.06
2024-02-02,3.5,4.76,1.7,2.24,1.78,1.4,,11.6,14.34,10.85,1.11,,17.96,8.82,5.72,16.91,7.62,23.2,17.85,59.8,4.07,7.88,20.59,17.04,32.84,,70.0,15.78,15.06,4.85
2024-02-03,,,,,,,,,,,,,,,,,,,,,,,,,,,,,,
2024-02-04,,,,,,,,,,,,,,,,,,,,,,,,,,,,,,
2024-02-05,3.21,4.72,1.54,2.09,1.56,1.44,,11.03,13.63,10.65,1.08,,17.78,8.61,5.52,16.73,7.64,22.45,17.79,56.0,4.05,7.58,21.29,17.44,31.46,,70.0,15.3,14.7,4.71
2024-02-06,3.28,4.92,1.665,2.21,1.7,1.54,,11.31,14.47,10.73,1.07,,18.42,8.12,5.85,17.56,7.5,23.55,18.15,61.0,4.55,7.8,22.63,17.73,32.05,,70.0,15.56,15.04,4.8
2024-02-07,3.215,4.88,1.54,2.15,1.72,1.44,,11.3,15.31,10.7,1.07,,19.05,7.98,5.65,18.07,7.24,22.9,19.4,61.4,4.41,7.66,22.28,17.67,32.52,,70.0,15.12,15.36,4.73
2024-02-08,3.33,4.72,1.6,2.14,2.03,1.53,,11.52,15.44,11.09,1.07,,19.49,7.98,5.78,18.13,7.02,23.65,19.5,63.4,4.3,8.08,22.0,17.74,33.41,,70.0,15.46,16.83,4.77
2024-02-09,3.51,4.92,1.63,2.18,2.2,1.56,,11.53,15.82,11.38,1.1,,19.5,7.7,5.93,18.55,7.01,23.67,19.83,66.8,4.14,8.13,22.1,18.26,33.82,,66.0,16.14,17.21,4.88
2024-02-10,,,,,,,,,,,,,,,,,,,,,,,,,,,,,,
2024-02-11,,,,,,,,,,,,,,,,,,,,,,,,,,,,,,
2024-02-12,3.56,5.52,1.77,2.37,2.38,1.63,,12.32,16.98,12.05,1.11,,19.66,7.56,6.31,19.21,7.4,24.39,20.08,69.0,4.05,8.33,22.69,18.38,34.1,,64.0,16.25,18.11,5.0
2024-02-13,3.24,5.28,1.61,2.11,2.19,1.49,,11.25,15.23,11.23,1.05,,19.21,7.49,5.98,18.9,7.45,23.2,18.55,61.0,3.9,8.02,21.22,17.8,33.11,,59.0,14.96,17.02,4.78
2024-02-14,3.435,5.44,1.725,2.12,2.46,1.56,,11.71,16.83,11.43,1.06,,19.49,7.56,6.24,20.4,8.42,24.1,19.04,66.6,4.0,8.42,21.99,20.82,34.91,,56.0,15.07,18.78,5.0
2024-02-15,3.35,5.28,1.82,2.24,2.46,1.63,,11.97,17.0,12.0,1.1,,20.6,7.63,6.37,21.14,9.22,24.83,19.27,67.4,3.95,8.53,22.67,20.7,35.02,,73.0,15.38,18.15,4.97
2024-02-16,3.0,5.2,1.78,2.18,2.49,1.65,,9.88,16.42,11.88,1.04,,20.69,7.63,6.2,20.77,9.2,24.22,19.62,62.6,3.99,8.36,22.47,20.77,33.9,,69.5,15.88,17.69,4.97
2024-02-17,,,,,,,,,,,,,,,,,,,,,,,,,,,,,,
2024-02-18,,,,,,,,,,,,,,,,,,,,,,,,,,,,,,
2024-02-19,,,,,,,,,,,,,,,,,,,,,,,,,,,,,,
2024-02-20,2.795,4.76,1.67,2.08,2.37,1.52,,8.92,15.89,11.38,1.05,,19.42,7.63,6.21,22.67,7.07,24.51,19.09,58.2,3.93,8.51,22.87,20.5,32.02,,62.0,14.91,16.95,4.82
2024-02-21,2.91,5.0,1.58,1.93,2.18,1.45,,8.96,15.58,11.09,1.13,,18.96,7.7,6.07,21.94,6.95,24.1,18.5,56.4,3.69,8.11,22.23,20.18,30.83,,64.0,15.31,17.1,4.8
2024-02-22,2.97,5.04,1.55,1.92,2.14,1.45,,8.6,12.78,15.82,1.18,,19.3,6.895,5.46,23.02,6.52,24.06,18.24,54.2,3.52,8.16,22.71,18.78,31.02,,60.5,18.54,16.1,4.91
2024-02-23,2.87,4.72,1.57,1.9,2.03,1.44,,8.58,11.9,15.38,1.08,,19.56,6.93,5.42,22.51,6.56,24.19,18.5,53.4,3.38,8.17,23.13,18.05,31.26,,57.5,17.65,15.86,5.12
2024-02-24,,,,,,,,,,,,,,,,,,,,,,,,,,,,,,
2024-02-25,,,,,,,,,,,,,,,,,,,,,,,,,,,,,,
2024-02-26,3.05,4.76,1.62,1.94,2.34,1.5,,8.7,11.38,15.36,1.07,,19.71,7.42,5.47,24.66,6.3,24.07,19.07,53.4,3.3,8.54,24.38,18.56,33.04,,53.5,17.56,16.18,5.22
2024-02-27,3.11,4.96,1.73,1.96,2.3,1.59,,9.32,11.88,16.01,1.08,,19.8,7.42,5.69,25.32,6.1,25.13,19.49,51.2,3.37,9.15,24.41,18.68,31.02,,53.0,19.0,16.54,5.3
2024-02-28,3.03,4.84,1.67,1.85,2.1,1.51,,8.99,11.8,15.64,1.05,,19.6,7.35,5.51,25.09,5.9,24.64,20.86,54.6,3.22,8.86,23.88,18.34,29.29,,60.0,19.57,15.93,5.09
2024-02-29,3.08,4.52,1.64,1.16,1.88,1.55,,8.77,12.04,16.37,1.06,,16.95,7.14,5.62,25.69,5.98,24.49,21.28,53.6,3.25,8.98,23.44,18.24,29.32,,64.5,18.85,16.27,5.05
2024-03-01,3.11,4.92,1.64,1.13,2.05,1.47,,9.08,12.18,16.59,1.03,,16.93,7.7,5.47,26.26,6.04,24.37,22.89,51.6,3.09,8.99,23.71,18.03,28.91,,64.5,18.71,17.66,5.16
2024-03-02,,,,,,,,,,,,,,,,,,,,,,,,,,,,,,
2024-03-03,,,,,,,,,,,,,,,,,,,,,,,,,,,,,,
2024-03-04,3.03,4.72,1.53,1.02,1.91,1.39,,9.03,11.96,16.91,1.0,,17.15,7.7,5.36,27.74,6.07,24.34,22.93,50.4,2.93,8.58,23.3,18.0,27.01,,60.5,19.14,16.73,5.51
2024-03-05,2.78,4.68,1.49,1.04,1.73,1.36,,9.12,11.99,16.95,0.99,,16.62,7.35,5.14,25.38,6.01,24.67,22.49,44.4,2.91,7.27,22.94,17.82,26.89,,59.0,18.85,16.58,5.43
2024-03-06,2.95,4.68,1.48,1.1,1.87,1.37,,9.54,12.24,17.0,0.96,,17.41,7.49,5.27,29.31,6.01,23.86,24.3,44.6,2.72,7.4,23.75,18.17,27.06,,59.5,19.05,16.75,5.42
2024-03-07,2.97,4.64,1.5,1.17,1.84,1.48,,10.44,12.33,17.23,0.93,,17.72,7.21,5.35,30.12,5.81,23.57,25.86,42.0,2.72,7.47,23.47,18.63,27.34,,60.0,18.97,17.21,5.59
2024-03-08,3.06,4.64,1.52,1.25,2.01,1.44,,10.31,12.56,17.06,0.92,,17.61,7.49,5.41,30.69,5.85,23.96,28.05,43.4,2.66,7.71,24.57,18.49,27.06,,55.5,3.36,16.25,5.3
2024-03-09,,,,,,,,,,,,,,,,,,,,,,,,,,,,,,
2024-03-10,,,,,,,,,,,,,,,,,,,,,,,,,,,,,,
2024-03-11,2.91,4.52,1.46,1.4,1.82,1.45,,10.46,12.02,17.22,0.91,,16.83,7.14,5.46,30.39,5.63,23.89,28.92,39.8,2.95,7.68,23.57,18.14,27.1,,55.0,3.8,16.22,4.91
2024-03-12,2.86,4.76,1.48,1.6,1.76,1.45,,10.3,10.7,17.09,0.86,,16.65,6.818,5.42,28.87,5.6,22.28,29.41,40.6,2.84,7.48,23.86,17.93,25.98,,53.5,3.44,15.69,4.92
2024-03-13,2.86,4.82,1.46,1.55,1.74,1.43,,10.03,9.97,17.17,0.87,,16.78,6.51,5.35,28.93,5.49,22.22,29.21,37.8,2.87,7.38,23.76,17.54,26.18,,53.0,3.44,15.14,4.89
2024-03-14,2.63,4.6,1.37,1.46,1.67,1.43,,9.03,9.51,16.63,0.81,,16.31,6.363,5.11,26.16,5.4,22.08,27.11,35.6,2.78,7.05,22.65,17.38,26.0,,50.0,3.17,14.5,4.66
2024-03-15,2.67,4.68,1.38,1.51,1.78,1.48,,9.26,9.89,16.95,0.87,,16.47,6.335,5.08,26.25,5.67,21.8,26.69,37.0,2.83,7.03,23.52,17.1,26.09,,44.5,3.24,14.22,4.71
2024-03-16,,,,,,,,,,,,,,,,,,,,,,,,,,,,,,
2024-03-17,,,,,,,,,,,,,,,,,,,,,,,,,,,,,,
2024-03-18,2.88,4.88,1.35,1.41,1.73,1.44,,9.78,10.26,16.82,0.85,,16.53,6.244,5.12,23.49,5.64,22.0,26.2,35.6,2.8,7.08,21.92,17.0,26.07,,45.5,2.86,14.52,4.71
2024-03-19,2.74,4.28,1.41,1.35,1.72,1.43,,9.47,10.39,16.63,0.93,,16.51,6.286,5.03,22.43,5.65,22.86,26.23,36.0,2.7,6.92,22.22,17.14,26.0,,41.0,2.93,14.36,4.86
2024-03-20,2.98,4.2,1.52,1.41,2.33,1.43,,9.59,11.48,17.09,1.01,,16.87,6.384,5.18,23.65,5.99,23.44,27.08,38.6,2.91,7.36,23.03,17.51,27.15,,39.0,2.97,14.98,4.89
2024-03-21,3.13,4.2,1.58,1.39,2.38,1.42,,9.82,11.76,16.98,0.96,50.44,16.41,6.538,5.26,23.83,6.59,24.66,26.81,45.0,2.96,7.44,22.88,17.77,27.57,,34.0,2.87,14.87,4.89
2024-03-22,2.98,3.88,1.56,1.32,2.46,1.42,,9.87,11.35,16.54,0.88,46.0,16.46,6.93,5.22,22.4,6.5,23.64,27.47,39.8,2.76,7.3,22.58,17.5,26.99,,34.0,2.74,14.66,4.8
2024-03-23,,,,,,,,,,,,,,,,,,,,,,,,,,,,,,
2024-03-24,,,,,,,,,,,,,,,,,,,,,,,,,,,,,,
2024-03-25,2.95,3.65,1.59,1.27,2.57,1.42,,10.04,10.89,16.63,0.9,59.8,16.01,6.37,5.24,24.37,6.25,23.74,26.59,39.8,2.56,7.45,22.44,17.79,27.2,,37.0,2.71,11.37,4.82
2024-03-26,2.91,3.68,1.68,1.22,2.46,1.45,,10.8,11.28,16.85,0.89,65.11,15.92,5.74,5.37,23.34,6.31,23.58,26.34,37.2,2.56,7.2,21.44,17.79,26.7,,35.5,2.74,11.17,4.91
2024-03-27,2.95,4.12,1.92,1.27,2.7,1.42,,11.03,13.1,17.45,0.97,57.75,16.31,5.607,5.42,22.35,6.33,25.5,26.71,43.8,2.64,7.36,23.07,18.13,26.99,,39.0,2.88,12.46,4.85
2024-03-28,3.03,4.08,2.03,1.31,2.63,1.42,,11.24,13.18,17.77,1.02,49.32,16.49,5.901,5.36,23.27,6.34,26.13,28.15,43.8,2.65,7.3,23.8,18.38,26.7,,39.5,2.84,12.4,4.98
2024-03-29,,,,,,,,,,,,,,,,,,,,,,,,,,,,,,
2024-03-30,,,,,,,,,,,,,,,,,,,,,,,,,,,,,,
2024-03-31,,,,,,,,,,,,,,,,,,,,,,,,,,,,,,
2024-04-01,2.91,4.04,1.98,1.32,2.43,1.52,,11.73,12.74,17.59,1.06,45.97,18.47,5.25,5.14,22.62,6.24,26.31,28.04,42.2,2.59,7.22,23.78,18.36,26.61,,37.0,2.71,12.35,4.84
2024-04-02,2.78,4.04,1.91,1.23,2.33,1.5,,11.75,11.72,17.68,1.02,50.45,17.35,4.886,4.92,20.95,6.14,24.74,26.98,38.8,2.38,7.2,23.29,18.05,26.25,,34.5,2.62,11.89,4.67
2024-04-03,2.87,3.88,1.84,1.16,2.33,1.5,,11.71,12.41,17.42,0.96,46.99,17.4,6.174,4.93,21.46,6.13,24.13,26.91,40.4,2.29,7.54,23.79,18.1,25.76,,31.5,2.63,11.6,4.79
2024-04-04,2.76,3.9,1.85,1.19,2.37,1.57,,11.79,12.12,17.54,0.94,45.78,16.92,6.447,4.9,21.49,6.16,23.03,26.7,40.2,2.15,7.31,22.62,17.64,25.32,,33.0,2.61,11.51,4.61
2024-04-05,2.7,3.8,1.84,1.16,2.35,1.64,,11.69,11.83,17.64,0.95,47.56,16.82,6.097,4.92,20.73,6.18,22.86,27.04,38.6,2.04,7.4,22.89,17.8,25.36,,34.0,2.62,11.34,4.78
2024-04-06,,,,,,,,,,,,,,,,,,,,,,,,,,,,,,
2024-04-07,,,,,,,,,,,,,,,,,,,,,,,,,,,,,,
2024-04-08,2.69,3.88,1.83,1.24,2.23,1.67,,11.67,11.88,17.42,0.99,46.15,16.87,6.034,4.91,24.22,6.02,22.4,25.92,40.6,2.11,7.76,22.81,18.51,26.21,,36.5,2.69,11.63,4.68
2024-04-09,2.74,3.8,1.83,1.21,2.22,1.62,,11.88,13.02,17.61,1.01,45.0,16.99,6.034,4.94,22.73,5.97,22.1,26.96,39.8,2.03,7.89,23.0,18.33,27.08,,39.5,2.67,11.78,4.9
2024-04-10,2.45,3.64,1.76,1.14,2.18,1.48,,11.42,12.29,16.81,0.96,42.09,17.04,5.775,4.72,22.7,5.99,20.81,25.71,37.0,1.84,7.56,22.01,18.1,25.92,,36.0,2.46,11.53,4.74
2024-04-11,2.46,3.68,1.73,1.13,2.14,1.46,,11.38,11.85,16.93,0.95,44.53,16.94,4.991,4.83,22.89,5.79,21.23,24.91,36.4,1.95,7.64,22.32,18.23,26.05,,34.5,2.29,11.83,5.34
2024-04-12,2.34,3.6,1.61,1.07,2.04,1.43,,10.74,11.64,16.51,0.9,42.27,15.9,4.368,4.62,21.17,5.73,20.38,23.34,35.0,1.88,7.33,21.72,18.21,25.31,,35.5,2.1,11.7,5.07
2024-04-13,,,,,,,,,,,,,,,,,,,,,,,,,,,,,,
2024-04-14,,,,,,,,,,,,,,,,,,,,,,,,,,,,,,
2024-04-15,2.19,3.59,1.58,1.0,1.94,1.38,,10.24,10.69,16.5,0.83,40.0,15.74,3.605,4.68,19.99,5.71,19.93,23.73,31.8,1.78,7.12,21.62,17.74,24.43,,36.0,2.07,11.55,5.04
2024-04-16,2.16,3.4,1.6,0.99,1.88,1.38,,9.88,10.33,16.52,0.8,41.14,15.69,3.08,4.6,19.36,5.6,19.74,23.36,31.6,1.69,7.2,21.28,17.63,23.94,,33.0,2.01,11.59,5.16
2024-04-17,2.16,3.3,1.59,0.99,1.96,1.31,,9.8,10.85,16.32,0.78,39.17,15.33,2.702,4.61,18.84,5.68,19.6,22.39,31.6,1.73,7.16,20.74,17.75,23.72,,32.0,2.0,11.15,4.96
2024-04-18,2.155,3.3,1.58,0.95,2.13,1.27,,9.75,10.11,16.68,0.78,41.72,15.68,3.465,4.57,19.25,5.49,20.49,22.71,31.8,1.76,7.13,20.49,17.61,23.43,,31.0,1.98,10.82,4.79
2024-04-19,2.17,3.34,1.64,0.92,2.29,1.29,,9.63,10.25,16.95,0.85,40.88,15.43,3.99,4.54,19.99,5.33,20.79,22.11,31.0,1.76,7.11,20.8,18.02,22.89,,32.0,1.87,10.36,4.81
2024-04-20,,,,,,,,,,,,,,,,,,,,,,,,,,,,,,
2024-04-21,,,,,,,,,,,,,,,,,,,,,,,,,,,,,,
2024-04-22,2.17,3.36,1.66,1.02,2.58,1.36,,9.32,10.05,16.92,0.85,42.04,15.49,3.437,4.7,20.4,5.5,22.14,22.29,32.4,1.69,7.25,20.96,17.83,22.89,,32.5,1.98,10.59,4.7
2024-04-23,2.23,3.4,1.71,1.0,2.71,1.42,,9.83,10.27,17.24,0.84,42.82,16.05,3.451,4.87,20.31,5.56,22.77,23.01,34.0,1.75,7.58,20.97,17.84,23.1,,37.0,1.95,10.56,4.69
2024-04-24,2.15,3.4,1.69,1.06,2.52,1.39,,9.64,10.02,17.38,0.81,43.15,15.81,3.29,4.88,19.95,5.42,22.32,23.75,34.6,1.65,7.6,20.79,17.77,23.57,,38.0,1.88,11.14,4.24
2024-04-25,2.07,3.36,1.64,0.92,2.49,1.43,,9.55,9.71,16.91,0.79,42.45,15.48,3.185,5.1,20.06,5.39,21.77,23.56,33.2,1.61,7.59,20.57,17.28,23.32,,36.0,1.78,11.3,4.45
2024-04-26,2.14,3.41,1.71,0.94,2.47,1.49,,10.6,10.29,16.95,0.79,45.43,15.82,3.178,5.35,19.99,5.46,21.99,23.74,36.6,1.74,7.87,21.06,18.86,24.13,,34.0,1.76,11.47,4.41
2024-04-27,,,,,,,,,,,,,,,,,,,,,,,,,,,,,,
2024-04-28,,,,,,,,,,,,,,,,,,,,,,,,,,,,,,
2024-04-29,2.125,3.48,1.68,0.98,2.33,1.52,,10.99,10.72,17.59,0.78,46.28,15.67,3.15,5.19,20.28,5.39,21.92,21.55,37.8,1.88,7.05,21.28,18.66,24.99,,35.0,1.9,12.1,4.61
2024-04-30,1.99,3.36,1.69,0.89,2.17,1.41,,11.13,10.29,17.31,0.78,44.44,15.2,3.129,5.05,18.35,5.26,21.46,19.2,36.8,1.87,6.78,21.13,17.82,24.27,,34.5,1.81,11.98,4.58
2024-05-01,2.0,3.4,1.73,0.87,2.12,1.48,,11.31,10.07,17.06,0.8,45.88,15.5,3.017,5.22,18.43,5.25,21.11,18.76,37.0,2.01,6.92,21.97,18.19,24.55,,33.0,1.93,11.73,4.95
2024-05-02,2.03,3.62,1.83,1.05,2.17,1.51,,11.44,10.95,17.39,0.9,47.7,15.83,2.933,5.38,19.26,5.1,22.1,19.14,38.2,2.16,6.99,21.86,18.09,24.16,,33.5,2.0,11.76,4.68
2024-05-03,2.21,3.48,1.82,0.99,2.19,1.54,,11.8,11.9,17.29,1.01,46.64,15.8,2.989,5.38,20.03,5.19,21.68,18.91,27.2,2.19,6.96,22.05,18.54,24.74,,33.5,2.03,11.64,4.705
2024-05-04,,,,,,,,,,,,,,,,,,,,,,,,,,,,,,
2024-05-05,,,,,,,,,,,,,,,,,,,,,,,,,,,,,,
2024-05-06,2.35,3.61,1.91,0.93,2.42,1.6,,12.2,11.99,17.45,1.01,48.27,15.82,2.975,5.53,19.84,4.96,21.89,19.02,28.0,2.33,7.16,22.5,19.01,25.49,,35.0,1.99,11.65,4.95
2024-05-07,2.25,3.54,1.79,0.98,2.33,1.64,,11.77,11.78,17.19,0.97,49.4,16.05,2.94,5.37,19.76,4.85,21.56,18.76,25.8,2.07,7.06,23.18,18.76,25.32,,34.0,1.97,11.48,5.26
2024-05-08,2.12,3.36,1.74,1.05,2.33,1.49,,11.8,11.51,17.56,0.97,51.4,15.38,3.059,4.89,19.04,4.8,21.46,18.58,27.2,2.16,7.05,22.38,19.84,24.1,,34.0,1.93,11.25,4.99
2024-05-09,2.3,3.53,1.77,1.11,2.36,1.5,,11.74,12.41,17.52,0.92,50.11,16.97,3.129,5.19,19.19,4.73,21.48,18.99,26.8,2.22,7.06,21.97,19.73,24.16,,34.0,1.89,11.44,5.07
2024-05-10,2.32,3.45,1.72,1.05,2.23,1.42,,11.16,11.26,17.19,0.97,53.53,16.65,2.954,5.06,18.51,4.61,21.45,17.93,24.0,1.97,6.94,21.75,19.85,21.69,,33.5,1.75,11.14,4.655
2024-05-11,,,,,,,,,,,,,,,,,,,,,,,,,,,,,,
2024-05-12,,,,,,,,,,,,,,,,,,,,,,,,,,,,,,
2024-05-13,2.48,3.46,1.88,1.03,2.24,1.42,,11.55,11.52,16.15,1.03,58.19,16.82,3.283,5.05,18.96,4.83,23.24,18.82,24.2,1.42,7.11,20.97,19.52,22.69,,35.5,1.82,11.62,4.59
2024-05-14,2.45,3.54,1.99,1.17,2.04,1.47,,12.48,12.27,16.86,1.22,62.34,16.68,3.346,5.39,18.59,4.85,23.96,19.26,27.4,1.3,7.47,21.66,20.06,23.03,,37.0,1.87,11.62,4.81
2024-05-15,2.48,3.44,1.83,1.15,2.12,1.52,,12.86,12.09,16.85,1.13,59.63,16.68,2.891,5.14,19.7,4.51,23.01,19.14,26.6,1.32,7.27,21.94,20.31,22.38,,35.0,1.82,11.35,4.83
2024-05-16,2.435,3.44,1.78,1.18,2.02,1.51,,12.23,12.25,17.01,1.25,56.38,16.98,2.8,5.02,19.4,4.68,22.66,18.94,27.4,1.3,7.12,20.92,20.59,22.09,,34.5,1.83,11.54,4.72
2024-05-17,2.41,3.56,1.75,1.32,1.95,1.49,,12.33,11.89,17.36,1.31,62.04,17.02,2.73,5.04,20.64,4.61,23.08,18.71,25.4,1.37,7.28,20.29,21.03,21.67,,33.5,1.83,11.37,4.48
2024-05-18,,,,,,,,,,,,,,,,,,,,,,,,,,,,,,
2024-05-19,,,,,,,,,,,,,,,,,,,,,,,,,,,,,,
2024-05-20,2.42,3.74,1.72,1.34,2.13,1.48,,12.92,11.42,17.52,1.45,61.22,17.03,2.737,4.95,25.54,4.77,23.45,18.81,26.0,1.42,7.19,20.25,21.64,21.27,,34.5,1.84,11.61,4.17
2024-05-21,2.25,3.34,1.69,1.26,2.04,1.48,,15.13,11.97,18.06,1.41,59.31,17.28,2.597,4.89,29.15,4.65,23.3,19.11,24.8,1.33,7.08,20.66,21.7,20.56,,34.5,1.8,11.49,4.3
2024-05-22,2.2,3.09,1.72,1.32,2.16,1.52,,17.0,12.92,17.9,1.43,56.69,17.42,2.541,4.87,29.16,4.72,22.95,22.37,27.2,1.46,7.02,20.76,21.41,20.45,,33.5,1.83,12.14,4.33
2024-05-23,2.12,3.12,1.64,1.25,1.99,1.48,,15.73,11.99,17.92,1.27,54.16,16.72,2.569,4.81,30.07,4.6,23.44,20.21,26.2,1.4,6.83,20.11,21.2,19.6,,31.5,1.78,11.42,4.17
2024-05-24,2.13,3.08,1.78,1.16,2.07,1.51,,16.29,13.39,17.84,1.31,54.72,16.79,2.352,4.91,31.11,4.13,23.75,20.39,26.0,1.45,6.92,20.28,21.54,19.4,,31.5,1.73,11.64,4.08
2024-05-25,,,,,,,,,,,,,,,,,,,,,,,,,,,,,,
2024-05-26,,,,,,,,,,,,,,,,,,,,,,,,,,,,,,
2024-05-27,,,,,,,,,,,,,,,,,,,,,,,,,,,,,,
2024-05-28,2.2,3.07,1.77,1.17,2.07,1.53,,16.53,13.5,17.57,1.38,58.49,16.42,2.415,4.86,31.74,4.18,24.34,19.93,27.2,1.4,6.89,20.08,21.8,19.08,,31.5,1.71,11.56,4.15
2024-05-29,2.06,2.96,1.77,1.25,2.24,1.55,,15.52,13.37,16.81,1.26,57.64,16.27,2.366,4.7,31.09,4.13,24.43,21.28,25.4,1.44,6.85,19.72,21.43,18.75,12.51,32.0,1.67,11.05,4.15
2024-05-30,2.11,2.91,1.81,1.45,2.28,1.53,,16.64,14.5,17.53,1.22,56.3,16.55,2.394,4.81,31.17,4.1,18.85,22.82,27.4,1.56,6.91,19.29,21.62,18.22,15.86,33.0,1.68,11.58,4.11
2024-05-31,2.18,3.04,1.77,1.44,2.18,1.53,,16.32,14.46,17.12,1.2,54.24,16.65,2.408,4.87,31.35,4.12,20.07,22.52,26.6,1.39,6.9,19.27,21.74,18.27,16.25,35.0,1.72,11.51,4.09
2024-06-01,,,,,,,,,,,,,,,,,,,,,,,,,,,,,,
2024-06-02,,,,,,,,,,,,,,,,,,,,,,,,,,,,,,
2024-06-03,2.18,3.2,1.73,1.51,2.05,1.56,,15.75,14.53,16.64,1.24,55.8,16.13,2.422,4.87,31.17,4.14,21.38,22.64,26.6,1.38,6.77,19.3,21.77,18.03,18.02,33.0,1.7,11.17,4.05
2024-06-04,2.16,3.01,1.69,1.53,2.51,1.46,,15.02,14.0,16.08,1.2,54.5,15.88,2.352,4.87,31.43,4.05,20.15,21.91,25.0,1.32,6.72,18.82,21.1,17.95,17.21,32.0,1.71,11.36,4.02
2024-06-05,2.22,2.97,1.71,1.72,2.79,1.47,,15.68,14.9,16.29,1.21,60.07,16.11,2.289,5.16,32.04,3.89,20.14,23.35,25.0,1.39,6.91,19.21,21.3,17.63,16.89,32.0,1.76,12.75,4.24
2024-06-06,2.28,3.02,1.68,1.73,3.21,1.42,,15.35,14.44,16.41,1.19,63.46,16.39,2.226,5.15,31.34,3.82,20.14,21.2,24.6,1.35,7.08,19.4,20.8,18.03,16.24,32.0,1.76,13.39,4.02
2024-06-07,2.13,2.78,1.66,1.62,3.09,1.41,,14.84,13.45,16.02,1.22,59.8,16.17,2.1,4.99,30.55,3.82,20.46,20.02,24.2,1.36,6.99,19.5,20.38,17.27,16.65,31.5,1.77,13.02,3.96
2024-06-08,,,,,,,,,,,,,,,,,,,,,,,,,,,,,,
2024-06-09,,,,,,,,,,,,,,,,,,,,,,,,,,,,,,
2024-06-10,2.12,2.76,1.7,1.51,3.09,1.38,,15.13,14.15,15.68,1.4,59.63,16.19,1.995,5.09,30.38,3.65,20.61,20.15,25.6,1.32,7.03,19.72,20.46,17.97,16.59,31.5,1.76,13.29,4.17
2024-06-11,2.13,2.77,1.73,1.5,3.48,1.37,,14.75,14.55,15.95,1.43,61.55,16.6,1.946,5.09,28.74,3.62,20.42,20.63,24.8,1.32,7.0,19.32,20.24,17.57,16.84,32.0,1.74,13.39,4.11
2024-06-12,2.23,2.77,1.73,1.47,3.84,1.42,,15.31,14.65,16.99,1.36,65.93,16.6,1.89,5.14,29.14,3.78,20.64,20.4,24.8,1.28,7.07,20.27,20.46,17.91,16.52,33.0,1.71,13.85,4.04
2024-06-13,2.1,2.81,1.69,1.4,4.07,1.4,,15.1,13.87,16.98,1.49,63.96,16.0,1.792,5.0,28.56,3.71,20.53,19.99,23.8,1.25,6.8,20.7,20.09,16.78,16.59,32.0,1.68,13.69,4.06
2024-06-14,2.06,2.76,1.67,1.29,3.92,1.31,,14.33,13.26,15.75,1.45,60.94,15.71,2.016,4.88,27.72,3.73,19.78,18.92,22.2,1.09,6.46,20.11,19.8,16.4,15.7,31.0,1.64,13.21,4.08
2024-06-15,,,,,,,,,,,,,,,,,,,,,,,,,,,,,,
2024-06-16,,,,,,,,,,,,,,,,,,,,,,,,,,,,,,
2024-06-17,1.99,2.77,1.67,1.18,4.39,1.33,,13.95,12.71,16.13,1.44,60.35,15.52,2.114,4.92,29.39,4.13,19.9,18.87,23.4,1.16,6.46,19.88,19.75,16.46,14.19,26.5,1.65,12.31,3.87
2024-06-18,1.97,2.76,1.59,1.21,4.51,1.31,,13.65,12.64,16.37,1.56,60.21,15.57,2.233,5.0,28.21,4.82,19.6,18.4,22.6,1.09,6.42,19.06,20.2,16.08,14.57,26.0,1.62,12.44,3.83
2024-06-19,,,,,,,,,,,,,,,,,,,,,,,,,,,,,,
2024-06-20,1.85,2.74,1.5,1.19,4.63,1.31,,14.01,12.54,16.29,1.43,57.42,15.5,2.94,4.8,29.16,5.12,20.41,18.05,22.4,1.23,6.32,19.27,20.16,15.53,14.49,25.5,1.65,10.67,3.72
2024-06-21,1.89,2.64,1.54,1.27,4.16,1.31,,12.82,13.09,16.37,1.48,57.3,15.49,2.975,5.19,29.24,5.5,20.96,17.85,22.6,1.23,6.32,20.05,20.65,15.97,15.14,25.0,1.78,10.8,3.88
2024-06-22,,,,,,,,,,,,,,,,,,,,,,,,,,,,,,
2024-06-23,,,,,,,,,,,,,,,,,,,,,,,,,,,,,,
2024-06-24,1.85,2.56,1.64,1.18,4.22,1.34,,13.24,13.58,16.46,1.6,56.48,14.79,2.898,5.11,27.22,5.16,22.46,16.85,24.6,1.25,6.54,19.8,20.48,16.7,15.47,26.0,1.83,10.35,3.66
2024-06-25,1.76,2.4,1.61,1.16,4.8,1.34,,13.32,12.96,16.11,1.57,61.38,18.15,2.625,4.84,28.27,6.26,21.98,15.47,22.6,1.24,6.45,19.54,20.16,16.02,15.09,25.5,1.85,10.48,3.8
2024-06-26,1.84,2.4,1.68,1.12,4.59,1.27,,12.62,12.7,16.19,1.5,63.61,18.2,3.01,5.0,28.23,6.88,21.35,15.31,22.0,1.2,6.46,19.88,19.81,16.46,14.62,25.0,1.83,10.17,3.84
2024-06-27,1.88,2.4,1.68,1.12,4.41,1.37,,13.04,13.27,16.2,1.5,63.58,17.59,2.898,5.1,28.6,6.84,21.28,15.29,23.0,1.22,6.54,20.32,19.97,16.54,14.06,24.5,1.93,11.11,3.81
2024-06-28,1.84,2.4,1.65,1.23,4.45,1.31,,12.24,11.86,16.16,1.44,63.89,18.25,2.688,5.1,27.94,6.8,21.07,14.6,22.2,1.27,6.61,20.53,20.01,16.26,14.17,25.0,1.9,11.17,4.03
2024-06-29,,,,,,,,,,,,,,,,,,,,,,,,,,,,,,
2024-06-30,,,,,,,,,,,,,,,,,,,,,,,,,,,,,,
2024-07-01,1.79,2.4,1.64,1.17,5.21,1.25,,11.37,10.91,15.24,1.42,66.59,18.13,2.779,4.87,28.75,6.22,20.07,14.31,20.8,1.24,6.43,21.53,19.74,15.81,13.74,24.5,1.88,11.1,4.64
2024-07-02,1.76,2.48,1.63,1.14,5.05,1.22,,10.82,10.95,15.25,1.35,73.51,18.14,2.611,4.96,28.29,6.14,19.51,14.66,22.2,1.23,6.45,20.66,20.33,16.01,13.56,23.0,1.74,10.71,4.3
2024-07-03,1.8,2.56,1.72,1.16,5.21,1.3,,11.85,12.16,15.73,1.37,73.62,18.56,2.338,5.15,27.46,5.46,19.67,15.83,22.8,1.25,6.52,20.08,20.48,15.73,13.44,23.0,1.77,11.0,4.33
2024-07-04,,,,,,,,,,,,,,,,,,,,,,,,,,,,,,
2024-07-05,1.76,2.57,1.69,1.07,5.58,1.31,,12.16,12.21,15.26,1.34,72.97,18.35,2.793,5.16,24.77,6.1,20.43,15.64,22.6,1.3,6.47,20.93,20.62,15.71,12.89,22.5,1.72,11.29,4.43
2024-07-06,,,,,,,,,,,,,,,,,,,,,,,,,,,,,,
2024-07-07,,,,,,,,,,,,,,,,,,,,,,,,,,,,,,
2024-07-08,1.81,2.71,1.7,1.19,5.47,1.28,,12.41,12.65,15.49,1.35,72.81,18.23,2.716,5.21,24.84,5.85,20.52,15.61,22.8,1.29,6.35,21.13,20.78,16.15,13.61,22.0,1.65,12.8,4.57
2024-07-09,1.9,2.56,1.71,1.25,5.03,1.32,,12.26,13.21,15.19,1.32,70.59,18.14,2.443,5.11,25.49,5.88,20.52,15.48,22.6,1.25,6.38,22.57,20.43,15.52,13.02,21.0,1.65,12.41,4.84
2024-07-10,1.9,2.48,1.78,1.29,4.88,1.3,,12.8,13.92,14.88,1.24,69.4,18.05,2.443,5.19,25.82,6.14,20.16,15.9,23.0,1.27,6.57,22.69,20.64,15.38,12.97,21.0,2.07,15.39,4.83
2024-07-11,2.06,2.44,1.97,1.42,4.75,1.42,,13.37,16.07,15.37,1.42,70.29,18.71,2.548,6.21,25.9,5.9,20.89,16.42,25.6,1.37,6.77,23.5,21.1,16.52,13.25,22.0,2.28,15.11,5.07
2024-07-12,2.26,2.48,2.15,1.53,5.31,1.51,,13.97,17.2,15.0,1.38,73.85,18.68,2.849,6.61,26.0,5.9,20.86,16.89,28.8,1.38,6.97,23.48,21.01,17.11,13.29,24.0,2.16,15.75,4.89
2024-07-13,,,,,,,,,,,,,,,,,,,,,,,,,,,,,,
2024-07-14,,,,,,,,,,,,,,,,,,,,,,,,,,,,,,
2024-07-15,2.54,2.48,2.16,1.59,6.0,1.44,,14.54,15.66,15.19,1.3,72.98,19.12,2.674,6.95,28.44,5.99,20.05,15.84,28.6,1.38,7.33,24.38,21.47,16.93,13.86,23.0,2.16,16.43,4.95
2024-07-16,2.92,2.46,2.24,1.52,6.38,1.49,,15.08,17.28,16.06,1.43,70.44,19.13,2.786,7.46,29.01,5.83,20.53,17.2,30.4,1.44,7.75,24.81,22.07,17.65,14.41,24.0,2.36,16.84,4.96
2024-07-17,2.72,2.42,2.2,1.71,5.9,1.49,,15.28,17.16,16.25,1.3,65.21,18.94,2.331,7.06,28.52,5.77,20.82,16.45,28.2,1.33,7.84,23.69,21.72,18.09,13.91,23.5,2.12,20.61,4.78
2024-07-18,2.57,2.4,2.12,1.75,5.35,1.45,,14.65,17.05,16.52,1.23,65.92,21.31,2.079,6.97,25.59,5.64,20.16,16.65,25.8,1.28,7.53,23.22,21.3,16.37,12.98,21.5,2.0,18.83,4.71
2024-07-19,2.45,2.4,2.07,1.68,5.59,1.45,,14.18,16.95,16.32,1.25,64.7,21.82,2.212,6.53,26.44,5.43,19.28,16.08,24.6,1.28,7.47,23.08,20.97,16.21,12.88,21.0,2.02,19.03,4.47
2024-07-20,,,,,,,,,,,,,,,,,,,,,,,,,,,,,,
2024-07-21,,,,,,,,,,,,,,,,,,,,,,,,,,,,,,
2024-07-22,2.52,2.33,2.08,1.73,5.72,1.49,,14.25,16.94,16.91,1.3,68.13,21.74,2.191,6.47,26.35,5.17,18.88,17.15,26.4,1.32,7.54,23.39,21.4,16.47,13.49,23.0,1.98,18.6,4.62
2024-07-23,2.58,2.33,2.12,1.8,5.52,1.43,,15.11,17.27,17.1,1.3,67.84,21.95,2.17,6.68,29.35,5.18,18.82,17.57,26.8,1.28,7.43,23.28,22.54,16.92,14.25,22.5,1.96,18.06,4.46
2024-07-24,2.41,2.36,2.03,1.65,5.09,1.37,,14.48,17.19,16.57,1.23,62.95,21.53,2.079,6.18,28.44,5.01,18.2,16.73,25.0,1.2,7.1,23.5,21.8,15.6,13.45,22.0,1.92,17.04,4.51
2024-07-25,2.47,2.32,2.02,1.8,4.53,1.43,,14.48,17.48,17.17,1.19,62.06,21.71,2.128,6.18,26.42,4.94,18.38,17.23,25.8,1.2,7.27,24.63,22.25,16.18,13.43,23.5,1.92,17.66,4.58
2024-07-26,2.52,2.38,1.99,1.92,4.42,1.42,,14.51,17.86,17.84,1.29,62.36,21.67,2.233,6.3,27.7,5.85,18.8,17.61,25.4,1.19,7.41,24.49,22.66,16.61,13.73,22.5,1.97,17.88,4.46
2024-07-27,,,,,,,,,,,,,,,,,,,,,,,,,,,,,,
2024-07-28,,,,,,,,,,,,,,,,,,,,,,,,,,,,,,
2024-07-29,2.49,2.4,1.89,2.31,4.14,1.6,,13.79,16.33,17.75,1.29,59.98,21.22,2.212,6.21,28.0,6.0,19.34,17.35,23.8,1.19,7.33,21.99,22.57,16.35,14.3,21.5,1.94,18.54,4.4
2024-07-30,2.34,2.3,1.86,2.54,3.85,1.48,,13.07,16.74,17.72,1.24,58.44,20.98,2.142,6.09,27.7,6.65,19.3,16.85,23.8,1.2,7.42,22.41,22.39,16.17,14.28,20.5,1.91,18.66,4.26
2024-07-31,2.32,2.28,1.88,2.59,4.16,1.63,,13.54,17.53,18.19,1.21,60.85,21.14,2.205,5.98,27.65,6.32,19.86,17.53,24.4,1.2,7.54,22.7,22.54,16.36,14.51,22.0,2.06,18.87,4.6
2024-08-01,2.13,2.35,1.71,2.51,4.11,1.46,,12.5,17.5,17.57,1.23,59.38,20.4,2.205,5.43,26.5,6.43,19.26,16.09,22.0,1.2,7.16,22.0,22.03,15.35,14.57,21.0,2.07,16.55,4.54
2024-08-02,1.86,2.14,1.65,2.29,3.67,1.49,,11.79,16.72,15.9,1.11,57.58,17.3,2.086,5.05,25.47,6.15,18.53,15.26,21.0,1.24,6.65,21.04,20.98,15.32,14.23,21.0,2.02,14.39,4.16
2024-08-03,,,,,,,,,,,,,,,,,,,,,,,,,,,,,,
2024-08-04,,,,,,,,,,,,,,,,,,,,,,,,,,,,,,
2024-08-05,1.71,2.06,1.58,2.02,3.58,1.47,,10.9,16.53,14.73,1.09,56.81,16.5,2.107,5.08,20.35,5.98,17.96,15.79,19.84,1.14,6.54,19.66,20.25,14.48,12.44,20.0,1.97,15.01,3.96
2024-08-06,1.715,2.08,1.585,2.21,3.62,1.38,,10.65,16.49,13.9,1.14,54.36,17.15,2.037,5.14,21.1,6.35,18.29,16.62,19.94,1.11,6.43,19.9,20.36,14.25,11.87,19.5,1.97,13.98,4.18
2024-08-07,1.6,2.28,1.28,2.13,3.34,1.29,,9.9,18.31,13.7,1.09,50.69,17.04,1.995,4.91,19.9,6.04,18.09,16.97,11.8,1.06,6.32,19.52,20.07,13.93,11.46,18.5,1.88,13.04,4.0
2024-08-08,1.68,2.28,1.37,2.79,3.88,1.38,,10.54,18.83,17.6,1.14,54.94,17.72,2.037,5.2,21.79,6.45,18.61,16.89,10.98,1.21,6.64,19.99,19.75,14.36,11.44,18.5,1.8,13.93,4.05
2024-08-09,1.66,2.56,1.34,2.86,3.79,1.29,,11.49,17.89,17.69,1.11,52.91,18.09,2.177,5.02,21.91,7.75,18.52,16.86,11.54,1.09,6.64,20.04,19.73,15.54,11.04,18.0,1.9,13.29,3.98
2024-08-10,,,,,,,,,,,,,,,,,,,,,,,,,,,,,,
2024-08-11,,,,,,,,,,,,,,,,,,,,,,,,,,,,,,
2024-08-12,1.6,2.52,1.35,2.92,3.57,1.28,,11.14,17.33,16.84,1.06,52.51,17.5,1.974,5.01,22.51,7.6,17.67,16.06,10.08,1.04,6.48,19.64,19.62,15.21,11.25,19.0,1.98,13.15,4.1
2024-08-13,1.76,2.82,1.44,3.24,3.31,1.43,,11.86,19.27,17.27,1.08,54.52,16.91,2.443,5.07,22.94,7.54,17.9,16.45,10.5,1.06,6.64,19.87,19.84,16.25,11.3,20.0,1.99,13.76,4.14
2024-08-14,1.76,2.96,1.38,3.38,3.35,1.32,,11.41,18.51,16.97,1.07,54.95,16.58,2.534,4.96,22.56,7.22,17.59,15.82,11.64,1.05,6.61,19.58,19.84,15.82,11.29,19.0,2.13,13.56,4.26
2024-08-15,1.8,2.96,1.43,3.63,3.6,1.35,,11.98,19.61,17.29,1.07,55.55,17.42,2.114,5.21,21.58,7.11,18.24,16.5,10.46,1.11,6.91,19.96,20.24,16.32,12.4,19.0,2.16,14.74,4.51
2024-08-16,1.79,2.96,1.42,3.96,4.03,1.48,,11.61,19.4,17.3,1.07,54.92,17.86,2.03,5.15,22.17,7.12,18.75,15.66,11.24,1.13,7.0,19.93,21.16,16.51,12.46,19.5,2.13,14.68,4.35
2024-08-17,,,,,,,,,,,,,,,,,,,,,,,,,,,,,,
2024-08-18,,,,,,,,,,,,,,,,,,,,,,,,,,,,,,
2024-08-19,1.96,3.04,1.44,4.0,4.35,1.51,,11.79,20.26,17.5,1.16,54.36,17.98,1.93,5.18,22.07,7.43,18.31,15.81,11.26,1.1,7.46,20.5,21.38,16.72,12.95,20.5,2.2,14.3,4.45
2024-08-20,1.945,2.44,1.45,4.39,4.74,1.54,,11.51,19.09,16.92,1.22,55.02,17.24,1.74,5.05,22.01,6.88,18.09,15.24,11.44,1.07,7.37,20.44,20.79,17.02,12.91,19.5,2.26,14.14,4.5
2024-08-21,2.01,3.0,1.46,4.07,4.8,1.54,,11.58,19.63,17.14,1.28,56.89,17.27,1.45,5.24,22.4,6.81,17.9,15.48,12.62,1.08,7.3,20.32,20.95,17.3,13.05,20.5,2.26,14.47,4.48
2024-08-22,2.02,2.92,1.41,4.04,4.81,1.49,,11.24,19.96,16.95,1.21,56.43,17.04,1.51,4.98,22.05,7.11,17.38,15.07,12.24,1.07,7.19,20.32,21.65,16.87,12.99,21.5,2.22,13.46,4.41
2024-08-23,2.25,2.96,1.54,4.37,4.93,1.55,,11.86,21.5,17.79,1.23,59.21,17.75,1.51,5.11,23.27,7.29,18.1,15.2,14.96,1.14,7.52,20.58,22.77,17.88,13.34,24.0,2.23,14.59,4.37
2024-08-24,,,,,,,,,,,,,,,,,,,,,,,,,,,,,,
2024-08-25,,,,,,,,,,,,,,,,,,,,,,,,,,,,,,
2024-08-26,2.5,2.85,1.45,4.39,4.78,1.48,,11.87,21.15,17.84,1.17,58.26,17.99,1.43,5.21,22.66,7.06,18.21,14.69,13.86,1.15,7.67,20.93,22.58,17.72,13.93,21.5,2.21,14.91,4.33
2024-08-27,2.38,2.9,1.45,4.33,4.51,1.44,,11.77,20.82,17.63,1.12,59.0,17.38,1.29,5.06,21.85,7.01,17.97,14.85,12.82,1.13,7.77,20.81,22.3,17.26,14.19,20.0,2.13,14.74,4.32
2024-08-28,2.14,2.84,1.42,4.21,4.18,1.41,,11.34,20.6,17.75,1.11,56.14,17.09,1.37,4.94,21.18,7.25,18.01,14.04,11.64,1.06,7.49,20.66,22.52,16.46,13.96,18.5,2.09,14.42,4.21
2024-08-29,2.1,2.96,1.43,4.22,4.2,1.39,,11.9,20.13,17.91,1.12,58.75,17.2,1.35,5.14,21.37,7.0,18.12,14.56,12.34,1.11,8.03,20.21,22.58,16.67,13.91,19.0,2.12,14.95,4.22
2024-08-30,2.15,3.0,1.43,3.86,4.36,1.37,,11.91,20.52,18.17,1.13,60.03,17.34,1.24,5.0,21.19,7.25,17.77,14.73,11.66,1.07,7.99,20.55,22.94,16.37,14.56,19.5,2.22,15.21,4.27
2024-08-31,,,,,,,,,,,,,,,,,,,,,,,,,,,,,,
2024-09-01,,,,,,,,,,,,,,,,,,,,,,,,,,,,,,
2024-09-02,,,,,,,,,,,,,,,,,,,,,,,,,,,,,,
2024-09-03,1.94,3.14,1.37,3.93,3.82,1.31,,11.02,18.51,17.59,1.11,57.53,17.21,0.954,4.92,20.64,7.0,18.61,14.29,9.74,0.99,7.53,20.54,21.93,16.7,15.95,16.0,2.16,13.51,4.21
2024-09-04,1.92,3.32,1.32,3.86,3.91,1.26,,11.17,19.63,17.52,1.04,57.0,16.82,0.98,4.88,20.71,7.2,18.87,15.03,9.96,0.91,7.48,19.65,22.07,15.94,16.04,14.5,2.09,13.11,4.41
2024-09-05,1.99,3.4,1.26,4.08,4.21,1.27,,11.03,19.26,17.5,1.02,58.71,16.93,0.95,4.83,19.95,7.23,18.78,15.35,9.14,0.82,7.26,19.6,21.84,17.09,16.04,15.0,2.2,14.0,4.54
2024-09-06,1.89,3.26,1.24,4.07,3.73,1.23,,9.95,18.17,17.26,1.06,56.85,16.07,1.03,4.77,18.75,7.25,18.25,15.19,8.84,0.71,7.01,19.1,21.09,15.86,15.06,14.0,2.37,13.52,4.42
2024-09-07,,,,,,,,,,,,,,,,,,,,,,,,,,,,,,
2024-09-08,,,,,,,,,,,,,,,,,,,,,,,,,,,,,,
2024-09-09,1.97,3.36,1.24,4.49,3.99,1.26,,9.75,17.29,16.84,1.02,57.46,16.31,1.16,4.99,19.86,7.22,18.21,14.69,8.16,0.75,7.08,18.8,21.36,17.17,15.2,13.5,2.52,13.28,4.26
2024-09-10,1.96,3.17,1.22,4.95,4.24,1.25,,10.15,17.2,16.84,1.0,56.87,16.72,1.38,5.15,20.11,7.3,18.22,14.41,7.6,0.8,7.05,18.81,21.22,16.75,15.18,13.0,2.66,13.24,4.4
2024-09-11,2.06,3.38,1.33,5.14,4.42,1.32,,10.64,19.15,16.75,1.04,59.87,16.19,1.63,5.32,19.78,7.31,17.94,15.24,9.18,0.88,7.31,18.32,21.53,17.22,15.0,13.5,2.57,12.98,4.32
2024-09-12,2.19,3.37,1.3,5.22,4.31,1.34,,10.38,18.78,17.12,1.02,59.63,16.24,1.55,5.35,19.94,7.49,18.3,15.32,8.5,0.86,7.46,17.99,21.98,18.91,15.08,14.5,2.49,12.75,4.24
2024-09-13,2.27,3.34,1.33,5.33,4.24,1.32,,10.2,19.23,17.83,1.07,59.09,16.45,1.48,5.43,20.46,7.25,18.54,16.19,8.88,0.89,7.74,19.12,22.49,19.91,16.41,15.0,2.62,12.94,4.2
2024-09-14,,,,,,,,,,,,,,,,,,,,,,,,,,,,,,
2024-09-15,,,,,,,,,,,,,,,,,,,,,,,,,,,,,,
2024-09-16,2.38,3.41,1.32,5.71,3.94,1.25,,9.78,19.34,17.96,1.03,59.15,16.75,1.35,5.32,19.21,7.41,17.77,15.05,8.62,0.87,8.06,18.2,22.15,20.3,17.43,15.0,2.65,12.46,4.32
2024-09-17,2.36,3.31,1.33,5.68,4.07,1.26,,10.09,20.31,18.2,1.04,61.89,16.9,1.23,5.26,19.85,6.9,17.61,16.53,8.98,0.87,8.12,18.06,22.43,20.63,17.22,14.5,2.92,12.47,4.43
2024-09-18,2.2,3.27,1.32,5.6,4.06,1.24,,10.14,20.3,18.05,1.06,63.66,16.47,1.25,5.2,19.53,6.9,17.84,16.95,8.94,0.81,8.11,18.0,23.41,20.22,16.99,14.0,2.88,12.1,4.44
2024-09-19,2.19,3.26,1.33,6.0,4.46,1.25,,10.24,19.13,18.19,1.08,64.56,16.96,1.13,5.18,20.78,7.23,17.51,17.39,8.1,0.88,8.19,18.63,22.8,20.29,17.49,13.0,2.88,12.98,4.64
2024-09-20,2.08,3.3,1.46,6.21,4.5,1.2,,10.91,18.91,17.26,1.03,66.17,16.55,1.22,5.16,21.46,7.17,17.57,16.27,7.1,0.89,8.05,18.27,22.91,20.81,16.28,14.0,3.1,12.31,4.49
2024-09-21,,,,,,,,,,,,,,,,,,,,,,,,,,,,,,
2024-09-22,,,,,,,,,,,,,,,,,,,,,,,,,,,,,,
2024-09-23,2.03,3.15,1.36,6.29,4.89,1.2,,10.86,18.91,16.43,1.01,65.0,15.98,1.24,5.12,22.57,7.25,17.81,16.33,6.9,1.13,7.92,17.93,23.55,21.37,15.67,14.0,2.91,12.26,4.61
2024-09-24,2.16,3.27,1.41,6.61,5.37,1.22,,10.54,18.92,16.9,1.1,66.96,15.91,1.18,5.15,22.37,7.07,18.58,17.57,6.42,0.95,7.83,18.28,23.22,23.19,15.5,13.0,3.01,12.32,4.42
2024-09-25,2.0,3.31,1.35,6.36,5.14,1.2,,10.18,18.29,16.26,1.04,67.88,15.43,1.17,5.05,21.69,7.12,18.53,16.98,6.2,0.86,7.73,18.02,23.06,21.89,15.42,13.5,3.12,12.02,4.15
2024-09-26,2.09,3.49,1.35,6.0,5.07,1.2,,10.41,18.56,16.59,1.12,66.52,15.59,1.24,5.11,22.37,7.07,19.04,18.55,6.36,0.93,7.76,18.16,23.19,22.34,15.33,12.0,3.2,13.13,4.24
2024-09-27,2.07,4.0,1.37,6.11,4.94,1.2,,10.7,18.5,16.49,1.24,67.08,15.76,1.33,5.22,22.79,7.03,19.65,19.61,6.58,1.11,7.95,18.89,23.29,22.59,15.52,13.5,3.08,13.23,4.24
2024-09-28,,,,,,,,,,,,,,,,,,,,,,,,,,,,,,
2024-09-29,,,,,,,,,,,,,,,,,,,,,,,,,,,,,,
2024-09-30,2.0,4.35,1.35,6.11,4.68,1.22,,10.56,18.06,16.28,1.17,65.92,15.87,1.34,5.03,21.89,7.05,19.84,20.37,6.96,1.11,7.86,19.25,23.3,22.62,15.66,4.5,3.24,12.85,4.24
2024-10-01,1.9,3.89,1.26,6.05,4.33,1.18,,10.21,17.5,15.94,1.27,65.97,15.71,1.25,4.8,20.98,6.95,19.47,20.71,6.46,1.02,7.63,19.89,24.82,21.59,15.45,8.0,3.06,12.26,3.99
2024-10-02,1.9,3.91,1.27,6.19,4.36,1.12,,10.73,17.01,15.77,1.27,67.78,15.79,1.68,6.14,19.98,7.0,18.34,22.34,6.62,1.0,7.79,19.44,25.34,21.04,15.4,6.5,3.03,12.3,3.9
2024-10-03,1.93,3.84,1.26,5.97,4.71,1.16,,10.65,16.84,15.08,1.27,67.47,15.65,1.65,5.61,19.85,7.05,18.29,21.88,9.6,1.06,7.83,18.69,25.18,20.69,14.88,6.0,2.94,12.19,3.81
2024-10-04,1.99,3.89,1.29,6.16,4.4,1.13,,10.83,16.52,15.39,1.26,72.38,15.96,1.94,5.95,20.51,6.95,18.45,24.48,8.28,1.22,8.39,18.82,24.75,21.84,14.76,5.0,3.12,12.26,3.82
2024-10-05,,,,,,,,,,,,,,,,,,,,,,,,,,,,,,
2024-10-06,,,,,,,,,,,,,,,,,,,,,,,,,,,,,,
2024-10-07,1.84,3.85,1.26,6.0,4.03,1.13,,10.36,16.64,15.47,1.29,70.44,15.43,2.18,5.98,20.61,7.02,17.88,26.1,8.9,1.33,8.27,18.26,24.79,21.2,15.27,5.0,3.08,12.71,3.74
2024-10-08,1.79,3.49,1.24,6.03,3.91,1.09,,10.25,16.39,15.37,1.27,70.77,15.54,1.78,5.67,20.57,7.06,18.0,20.94,8.24,1.23,8.41,18.38,25.07,21.19,15.99,5.0,3.26,12.55,3.78
2024-10-09,1.82,3.26,1.25,6.25,3.82,1.11,,10.56,16.65,15.59,1.19,71.0,15.76,2.33,5.66,20.36,7.13,17.8,20.68,9.14,1.2,8.59,18.32,24.96,21.09,15.67,5.0,3.39,13.23,3.65
2024-10-10,1.76,3.32,1.24,6.05,3.93,1.09,,10.22,15.52,15.74,1.17,69.9,15.62,3.27,5.49,19.94,7.1,17.67,20.0,9.88,1.15,8.63,18.2,24.43,20.88,15.58,5.0,3.46,13.32,3.6
2024-10-11,1.87,3.44,1.29,6.01,4.21,1.18,,10.74,15.94,15.95,1.19,73.25,16.0,2.05,5.69,20.74,7.14,18.37,20.5,10.84,1.35,9.01,19.13,25.16,21.62,15.64,5.0,3.55,16.02,3.77
2024-10-12,,,,,,,,,,,,,,,,,,,,,,,,,,,,,,
2024-10-13,,,,,,,,,,,,,,,,,,,,,,,,,,,,,,
2024-10-14,1.93,3.49,1.28,5.61,4.49,1.17,,10.46,15.65,15.99,1.17,74.87,15.81,1.99,5.54,22.09,6.89,18.15,19.78,11.98,1.37,10.04,19.82,25.35,21.91,15.5,5.0,3.58,15.66,3.66
2024-10-15,1.89,3.4,1.28,5.83,4.61,1.12,,10.46,15.09,16.2,1.2,75.17,14.95,1.84,5.42,21.85,6.68,18.77,18.56,11.86,1.27,10.18,19.75,25.3,21.95,15.74,2.69,3.94,14.57,3.65
2024-10-16,1.96,3.59,1.28,5.74,5.2,1.1,,10.41,15.4,16.33,1.21,77.26,14.86,1.83,5.55,22.02,6.6,18.62,18.9,12.32,1.33,10.04,19.89,25.74,21.79,16.05,2.51,4.08,14.22,3.74
2024-10-17,1.82,3.67,1.25,5.65,5.07,1.06,,10.16,14.57,16.25,1.2,76.29,14.8,1.88,5.51,21.87,6.38,18.83,17.89,11.5,1.3,9.87,19.89,25.22,21.27,16.17,2.25,3.92,14.79,3.65
2024-10-18,1.86,3.62,1.27,6.05,5.24,1.03,,10.16,14.61,15.91,1.15,80.9,14.68,1.97,5.61,22.35,6.48,19.56,18.99,11.48,1.4,10.18,19.71,24.85,22.11,16.0,2.28,4.78,15.68,3.76
2024-10-19,,,,,,,,,,,,,,,,,,,,,,,,,,,,,,
2024-10-20,,,,,,,,,,,,,,,,,,,,,,,,,,,,,,
2024-10-21,1.83,3.63,1.23,5.9,6.21,0.978,,9.87,13.75,15.12,1.16,78.55,14.2,1.93,5.49,22.57,6.11,19.7,19.7,10.68,1.54,10.4,19.53,24.67,21.87,15.5,1.8,4.66,15.73,3.57
2024-10-22,1.78,3.58,1.23,5.97,6.53,0.98,,9.73,14.04,15.19,1.15,77.29,14.31,2.12,6.18,22.12,6.2,19.14,20.82,10.5,1.6,10.58,19.16,24.3,21.21,15.8,1.68,4.53,16.1,3.46
2024-10-23,1.73,3.49,1.2,6.18,6.4,0.91,,9.04,13.85,15.04,1.13,77.68,14.14,1.99,6.24,21.13,6.2,18.23,22.23,10.1,1.54,10.42,18.54,24.01,20.25,15.76,2.22,4.96,15.29,3.41
2024-10-24,1.77,3.4,1.23,6.35,6.21,0.89,,9.19,14.0,15.1,1.12,78.6,14.15,1.92,6.04,21.38,6.46,17.95,22.0,10.78,1.45,10.93,18.99,23.93,20.41,15.37,1.72,4.9,15.57,3.34
2024-10-25,1.75,3.37,1.23,6.22,6.38,0.9,,9.5,14.37,15.09,1.13,81.36,13.87,1.77,5.16,20.81,6.41,17.9,25.54,10.82,1.37,10.99,18.75,23.95,19.72,15.37,2.25,5.31,16.96,3.48
2024-10-26,,,,,,,,,,,,,,,,,,,,,,,,,,,,,,
2024-10-27,,,,,,,,,,,,,,,,,,,,,,,,,,,,,,
2024-10-28,1.87,3.46,1.26,6.7,6.85,0.941,,10.15,14.43,15.43,1.11,79.68,13.98,1.74,5.27,21.09,6.43,17.91,29.14,11.5,1.39,11.19,19.21,24.2,20.52,16.0,2.69,5.33,15.84,3.52
2024-10-29,1.79,3.41,1.25,6.87,6.69,0.958,,10.14,14.14,14.85,1.17,81.74,13.69,1.83,5.01,22.1,6.27,17.75,22.51,10.82,1.5,10.47,19.08,24.19,20.73,16.1,2.87,5.07,15.95,3.68
2024-10-30,1.84,3.4,1.24,6.95,6.89,0.95,,10.1,14.09,14.9,1.27,116.05,13.7,1.91,4.99,22.34,6.27,17.59,22.26,9.64,1.51,11.22,18.92,23.59,20.7,16.29,2.72,5.27,14.79,3.64
2024-10-31,1.75,3.21,1.18,6.73,6.52,0.88,,9.6,14.45,14.81,1.27,119.3,13.77,1.77,4.8,21.11,6.37,17.38,22.58,7.56,1.35,11.17,18.86,22.72,20.08,16.03,2.66,5.4,14.08,3.635
2024-11-01,1.82,3.11,1.16,6.79,6.2,0.86,,9.94,14.76,14.94,1.28,112.98,14.04,1.78,4.87,21.14,6.25,17.02,23.47,8.0,1.32,11.04,18.98,22.87,20.83,15.8,2.58,5.64,12.07,3.6
2024-11-02,,,,,,,,,,,,,,,,,,,,,,,,,,,,,,
2024-11-03,,,,,,,,,,,,,,,,,,,,,,,,,,,,,,
2024-11-04,1.85,3.08,1.17,6.42,5.98,0.904,,10.82,16.08,15.01,1.32,109.03,14.43,1.64,5.04,20.36,6.25,16.94,23.41,8.4,1.19,10.91,18.94,22.99,20.31,15.55,2.26,5.7,11.71,3.7
2024-11-05,1.92,3.21,1.2,6.64,6.21,0.98,,11.4,16.91,15.44,1.39,122.57,14.57,1.75,5.1,20.41,6.25,17.45,23.18,9.0,1.28,11.42,19.69,23.19,21.62,15.71,2.31,5.81,12.11,3.62
2024-11-06,1.78,3.13,1.17,6.95,7.67,0.956,,10.97,11.9,16.67,1.3,121.08,14.65,1.8,5.07,22.69,6.1,16.7,21.3,7.8,1.26,11.81,21.35,24.27,21.67,16.05,2.37,6.22,12.11,3.82
2024-11-07,1.87,3.21,1.18,5.2,8.21,0.96,,10.67,11.6,13.16,1.27,131.44,14.36,1.94,5.1,24.47,6.0,17.26,22.63,7.0,1.3,11.9,21.52,23.82,22.21,16.26,2.25,6.54,12.02,4.02
2024-11-08,1.85,3.27,1.16,4.7,8.25,0.89,,13.17,10.23,12.68,1.16,134.8,14.24,2.15,5.21,24.79,6.03,16.46,21.7,7.24,1.73,13.01,21.81,25.97,20.5,16.21,2.01,6.7,12.0,3.97
2024-11-09,,,,,,,,,,,,,,,,,,,,,,,,,,,,,,
2024-11-10,,,,,,,,,,,,,,,,,,,,,,,,,,,,,,
2024-11-11,1.83,3.3,1.165,4.74,8.82,0.88,,13.62,10.23,12.93,1.26,129.23,14.27,2.08,6.27,28.28,6.02,17.57,21.61,8.2,2.45,14.11,21.78,27.08,20.2,16.0,1.9,7.03,12.55,4.07
2024-11-12,1.77,3.26,1.06,4.68,8.53,0.82,,13.54,9.74,12.39,1.21,127.75,14.08,1.94,6.32,27.66,6.08,17.17,21.61,7.86,2.51,13.82,16.21,27.26,19.22,16.58,1.82,6.24,12.0,3.83
2024-11-13,1.81,3.11,1.13,4.47,7.35,0.811,,13.6,10.27,11.79,1.28,132.06,13.86,1.83,5.9,26.66,5.95,17.01,20.74,7.5,2.34,13.5,16.63,27.73,19.13,15.45,1.61,5.68,11.73,3.25
2024-11-14,1.77,3.39,1.06,4.44,6.95,0.75,,13.28,10.91,11.6,1.31,131.88,13.78,1.72,5.91,26.04,5.9,17.51,20.14,7.4,2.23,13.4,16.79,25.28,18.84,14.33,3.58,5.02,11.23,3.19
2024-11-15,1.66,3.09,1.02,4.15,7.18,0.75,,21.14,9.89,11.46,1.3,124.78,13.39,1.64,5.73,25.99,5.85,16.93,19.25,7.06,2.12,13.63,15.83,24.42,17.34,13.83,2.9,4.76,10.78,2.98
2024-11-16,,,,,,,,,,,,,,,,,,,,,,,,,,,,,,
2024-11-17,,,,,,,,,,,,,,,,,,,,,,,,,,,,,,
2024-11-18,1.61,3.13,1.02,4.12,7.04,0.67,,22.81,10.01,11.91,1.3,129.42,13.21,1.79,5.61,26.55,5.63,16.35,19.04,7.12,1.93,13.93,16.11,24.38,17.99,13.62,3.89,5.3,11.26,2.96
2024-11-19,1.6,2.63,1.04,4.53,7.38,0.574,,23.75,9.71,11.97,1.19,137.16,13.17,2.19,6.33,26.1,5.11,15.99,18.32,6.82,2.07,14.42,15.77,25.05,19.8,14.29,4.0,5.22,11.16,2.94
2024-11-20,1.63,2.63,1.06,4.34,7.2,0.59,,24.8,10.2,12.0,1.2,136.27,13.49,2.05,6.2,25.82,4.79,15.34,20.12,6.66,1.93,14.67,15.95,25.22,21.63,14.04,3.64,5.23,11.27,3.13
2024-11-21,1.7,2.5,1.07,4.38,6.99,0.677,,23.94,10.22,12.19,1.15,158.02,13.74,2.51,6.8,28.18,5.01,15.42,19.21,7.2,1.98,15.01,15.6,26.24,22.46,13.98,3.2,5.19,11.7,3.24
2024-11-22,1.99,2.48,1.1,4.68,7.45,0.68,,25.76,10.51,12.64,1.17,146.67,14.17,2.68,7.09,27.68,5.15,16.01,18.8,7.84,1.94,15.6,16.09,26.63,23.53,14.08,3.49,5.27,12.16,3.36
2024-11-23,,,,,,,,,,,,,,,,,,,,,,,,,,,,,,
2024-11-24,,,,,,,,,,,,,,,,,,,,,,,,,,,,,,
2024-11-25,2.28,2.84,1.16,5.09,6.99,0.652,,25.95,11.52,13.44,1.29,141.9,14.41,3.75,8.2,29.44,5.35,17.25,19.41,8.04,2.04,15.7,16.73,26.41,24.02,14.86,5.97,5.66,12.67,3.41
2024-11-26,2.2,2.96,1.11,4.97,6.57,0.626,,26.17,11.49,12.92,1.42,135.61,14.52,3.48,7.9,27.88,5.43,14.31,19.24,7.5,1.98,15.49,16.5,27.24,23.36,15.45,5.39,5.45,11.9,3.46
2024-11-27,2.27,2.75,1.12,5.08,7.29,0.62,,27.21,11.55,12.97,1.49,140.04,14.53,3.74,8.0,30.53,5.54,13.87,20.19,8.5,1.96,16.12,16.51,26.95,23.47,15.63,6.12,5.74,11.73,3.47
2024-11-28,,,,,,,,,,,,,,,,,,,,,,,,,,,,,,
2024-11-29,2.34,3.14,1.16,4.77,7.89,0.66,,27.45,11.53,12.7,1.46,140.69,14.76,4.01,8.95,30.15,5.41,14.08,20.03,7.84,2.14,16.41,16.72,27.09,24.11,15.26,8.7,5.54,11.89,3.36
2024-11-30,,,,,,,,,,,,,,,,,,,,,,,,,,,,,,
2024-12-01,,,,,,,,,,,,,,,,,,,,,,,,,,,,,,
2024-12-02,2.13,2.96,1.18,4.86,7.32,0.684,,26.92,11.67,12.89,2.35,141.64,14.86,4.14,8.11,30.38,5.09,14.51,21.42,7.62,2.47,15.91,16.7,26.91,24.25,15.08,8.94,5.55,12.7,3.305
2024-12-03,2.16,2.97,1.13,4.79,7.27,0.67,,26.14,11.26,12.31,2.11,149.83,14.75,4.84,7.85,30.34,5.2,14.34,21.65,7.52,2.34,15.88,16.62,26.36,24.45,15.0,7.55,5.35,12.22,3.51
2024-12-04,2.19,2.89,1.09,5.36,8.12,0.627,,26.28,10.71,12.27,1.98,154.23,14.66,4.22,8.11,32.67,5.05,14.39,19.85,8.04,2.17,16.32,16.92,27.95,26.34,15.1,7.36,5.26,12.12,3.43
2024-12-05,2.15,2.76,1.06,5.34,7.71,0.6,,25.96,10.36,11.88,1.94,153.09,14.39,4.45,8.09,32.14,5.07,14.47,19.64,7.5,2.09,15.65,16.8,27.3,27.63,15.1,6.7,4.97,11.18,3.6
2024-12-06,2.2,2.73,1.1,5.31,8.12,0.658,,27.08,10.58,11.71,1.97,162.76,13.93,4.66,8.84,34.07,4.96,14.4,18.08,7.8,2.05,16.02,17.01,27.99,27.72,15.7,5.85,5.14,11.7,3.72
2024-12-07,,,,,,,,,,,,,,,,,,,,,,,,,,,,,,
2024-12-08,,,,,,,,,,,,,,,,,,,,,,,,,,,,,,
2024-12-09,2.18,3.09,1.17,5.26,7.29,0.621,,26.58,11.21,11.62,2.11,167.17,14.04,4.36,8.53,31.42,4.75,14.35,19.44,7.26,2.21,15.57,15.56,27.23,27.38,14.93,6.34,4.88,12.34,3.56
2024-12-10,2.07,3.08,1.16,5.54,6.72,0.611,,23.47,10.54,11.76,2.03,155.93,13.95,3.5,8.54,30.64,4.6,14.31,18.72,7.54,1.95,15.29,14.94,27.37,26.4,14.97,6.07,4.51,12.11,3.36
2024-12-11,2.09,2.97,1.14,5.79,7.21,0.55,,23.6,10.5,11.45,1.93,165.92,14.28,3.39,7.94,32.24,4.53,14.36,18.19,6.8,1.93,15.94,14.23,27.34,26.55,15.12,5.35,4.37,11.89,3.49
2024-12-12,1.96,2.78,1.12,5.75,7.53,0.55,,24.81,10.19,11.55,1.88,163.51,13.94,3.82,7.63,32.63,4.54,13.76,18.34,6.78,1.77,15.9,13.47,26.5,26.12,14.75,5.33,4.41,11.58,3.35
2024-12-13,1.92,2.9,1.09,5.74,7.04,0.51,,25.59,10.12,11.54,1.99,172.65,13.73,4.0,7.78,32.9,4.44,13.95,18.39,7.16,1.71,16.25,13.93,26.84,24.44,14.62,5.19,4.12,11.53,3.21
2024-12-14,,,,,,,,,,,,,,,,,,,,,,,,,,,,,,
2024-12-15,,,,,,,,,,,,,,,,,,,,,,,,,,,,,,
2024-12-16,1.92,3.05,1.09,5.8,8.24,0.48,,26.15,9.99,11.91,1.87,178.1,13.73,3.45,7.98,33.99,4.08,13.91,17.21,7.26,1.72,16.88,13.79,28.29,25.16,14.56,6.82,4.18,14.49,3.26
2024-12-17,1.91,2.89,1.09,5.61,8.2,0.5,,24.77,10.06,11.4,1.85,168.79,13.95,3.41,8.24,33.01,4.02,13.85,17.96,7.28,1.76,16.66,13.63,27.25,24.66,14.55,5.65,4.28,14.54,3.22
2024-12-18,1.73,2.82,1.18,6.13,6.98,0.475,,23.46,9.15,11.08,1.82,160.65,13.5,2.9,7.94,30.97,3.86,13.49,17.58,6.8,1.66,15.24,13.24,25.51,22.34,14.09,4.99,3.94,13.66,3.02
2024-12-19,1.665,2.79,1.13,5.7,6.49,0.477,,22.88,9.13,11.21,1.77,163.72,13.52,2.69,7.23,28.31,3.88,13.48,17.4,6.66,1.7,15.03,12.85,25.6,22.26,13.88,3.9,3.96,13.32,3.23
2024-12-20,1.69,2.8,1.3,5.58,6.61,0.53,,24.12,9.87,11.06,1.85,170.71,13.6,3.31,7.69,28.86,3.97,13.78,17.51,6.48,1.82,15.35,13.08,25.87,22.51,14.6,3.48,4.05,14.25,3.23
2024-12-21,,,,,,,,,,,,,,,,,,,,,,,,,,,,,,
2024-12-22,,,,,,,,,,,,,,,,,,,,,,,,,,,,,,
2024-12-23,1.67,2.87,1.42,5.5,5.81,0.454,,24.2,10.1,10.95,1.71,168.61,13.76,3.41,7.62,28.54,4.84,13.89,17.77,6.36,1.9,15.63,13.31,25.99,22.36,14.47,3.16,4.07,14.05,3.25
2024-12-24,1.66,2.98,1.5,5.74,6.23,0.46,,24.33,10.12,10.74,1.81,177.41,13.85,3.51,8.26,29.41,5.27,13.99,19.2,6.48,1.9,16.02,13.07,26.66,22.8,14.49,3.29,4.0,15.13,3.2
2024-12-25,,,,,,,,,,,,,,,,,,,,,,,,,,,,,,
2024-12-26,1.71,2.88,1.95,5.83,6.08,0.439,,24.33,10.07,10.79,1.83,176.74,14.11,5.49,9.16,27.9,5.25,14.44,19.37,8.24,2.37,16.6,12.93,26.75,24.17,14.94,3.9,4.07,16.29,3.28
2024-12-27,1.67,2.78,2.13,5.51,5.53,0.442,,22.9,9.86,10.6,1.89,173.54,14.04,5.61,8.93,27.96,5.25,13.96,19.27,11.9,2.36,15.98,12.77,26.52,22.84,15.01,3.5,3.87,16.51,3.15
2024-12-28,,,,,,,,,,,,,,,,,,,,,,,,,,,,,,
2024-12-29,,,,,,,,,,,,,,,,,,,,,,,,,,,,,,
2024-12-30,1.61,2.7,2.14,5.26,5.32,0.452,,22.51,9.5,10.47,1.77,165.53,13.91,6.01,8.39,28.45,8.78,13.48,19.39,14.96,2.98,15.63,12.52,26.52,22.51,15.14,4.2,3.84,16.98,3.08
2024-12-31,1.6,2.6,1.89,5.21,5.66,0.501,,22.21,9.25,10.52,1.67,163.44,13.95,5.39,8.13,28.02,7.85,13.65,19.44,12.06,2.8,15.4,13.22,26.38,22.47,15.4,3.47,3.78,16.63,3.07
2025-01-01,,,,,,,,,,,,,,,,,,,,,,,,,,,,,,
2025-01-02,1.59,2.87,2.07,5.16,5.46,0.665,,23.37,10.21,10.35,1.76,165.91,13.83,5.91,8.09,28.92,7.15,13.64,20.24,15.52,2.86,14.13,14.08,26.38,24.51,15.25,3.4,3.91,16.55,3.07
2025-01-03,1.65,2.9,2.21,5.27,6.22,0.61,,24.32,10.71,10.59,1.88,177.74,13.99,5.96,9.77,30.22,7.12,13.73,20.85,24.4,3.28,14.84,14.37,27.48,24.09,16.15,3.3,4.15,17.27,3.14
2025-01-04,,,,,,,,,,,,,,,,,,,,,,,,,,,,,,
2025-01-05,,,,,,,,,,,,,,,,,,,,,,,,,,,,,,
2025-01-06,1.72,2.91,2.01,5.34,6.5,0.635,,25.48,10.97,10.47,1.88,179.49,14.03,5.64,9.83,30.9,6.8,13.61,20.94,23.6,3.84,15.29,13.69,29.53,24.94,16.52,3.25,3.92,16.85,3.05
2025-01-07,1.61,2.9,1.99,5.13,6.13,0.609,,25.06,11.37,9.78,1.89,172.32,13.72,5.05,10.27,28.41,7.32,13.44,21.92,22.6,3.54,14.91,13.8,28.61,23.08,15.51,3.2,3.84,17.78,3.05
2025-01-08,1.53,3.01,1.82,5.18,5.51,0.571,,24.38,10.75,9.62,2.01,172.01,13.74,4.61,9.49,27.5,7.1,13.12,20.47,16.68,3.03,14.55,13.81,28.94,22.95,14.98,2.79,3.77,16.46,3.04
2025-01-09,,,,,,,,,,,,,,,,,,,,,,,,,,,,,,
2025-01-10,1.47,3.19,1.75,4.98,5.4,0.55,,23.58,10.04,9.27,1.89,167.08,13.49,4.36,8.74,27.33,7.51,13.3,19.2,16.42,3.59,14.15,13.11,29.37,20.9,14.21,2.94,3.5,16.39,2.78
2025-01-11,,,,,,,,,,,,,,,,,,,,,,,,,,,,,,
2025-01-12,,,,,,,,,,,,,,,,,,,,,,,,,,,,,,
2025-01-13,1.38,3.05,1.71,4.92,5.2,0.53,,23.03,9.73,9.33,1.67,164.65,13.64,4.04,7.96,25.89,7.23,12.68,19.13,13.48,3.25,14.07,12.8,30.89,21.7,13.64,2.6,3.18,15.99,2.79
2025-01-14,1.37,2.89,1.545,5.28,5.57,0.518,,22.3,9.57,9.53,1.65,164.82,13.47,3.88,7.86,26.97,7.68,12.35,18.89,16.72,3.41,14.5,12.6,32.76,21.96,12.74,2.69,3.13,11.66,2.72
2025-01-15,1.51,2.95,1.65,5.39,6.18,0.56,,22.65,9.63,9.51,1.69,170.69,13.68,3.77,8.1,28.76,8.33,12.46,19.26,15.32,3.32,15.51,12.8,34.05,22.04,13.47,3.0,3.37,12.94,3.09
2025-01-16,1.54,2.96,1.63,5.4,5.85,0.56,,23.56,9.55,9.34,1.74,174.87,14.05,3.97,8.37,27.93,9.08,12.49,18.88,13.96,3.53,16.3,13.0,33.61,21.75,13.54,2.87,3.5,12.17,2.91
2025-01-17,1.44,3.02,1.66,5.36,6.4,0.575,,23.92,9.44,9.23,1.77,175.33,14.29,3.82,8.17,29.49,9.28,12.64,19.07,14.02,3.36,16.5,13.08,33.62,21.77,13.49,2.83,3.6,12.46,2.93
2025-01-18,,,,,,,,,,,,,,,,,,,,,,,,,,,,,,
2025-01-19,,,,,,,,,,,,,,,,,,,,,,,,,,,,,,
2025-01-20,,,,,,,,,,,,,,,,,,,,,,,,,,,,,,
2025-01-21,1.4,3.13,1.49,5.59,5.96,0.551,,25.75,9.22,9.58,1.76,188.32,14.33,3.91,9.06,27.73,9.08,12.83,18.19,14.02,3.28,17.9,13.67,35.22,22.18,14.19,2.69,3.45,13.22,2.8
2025-01-22,1.4,3.01,1.59,5.86,6.23,0.492,,25.53,8.46,9.17,1.71,183.74,14.15,3.83,8.77,27.26,8.89,13.0,17.49,13.08,3.46,17.59,14.0,34.95,23.06,13.6,2.68,3.48,12.59,2.77
2025-01-23,1.43,3.0,1.58,5.86,6.18,0.481,,27.67,9.34,9.22,1.78,181.99,14.33,3.74,8.67,27.21,8.92,13.36,17.61,13.82,3.37,18.03,14.41,34.57,23.13,13.09,2.52,3.56,12.48,2.88
2025-01-24,1.4,2.97,1.54,5.53,6.32,0.486,,29.81,10.23,9.35,1.73,182.4,14.36,4.59,8.76,27.88,9.32,13.22,18.11,15.64,3.64,17.92,14.25,34.13,22.32,13.15,2.48,3.6,12.41,2.75
2025-01-25,,,,,,,,,,,,,,,,,,,,,,,,,,,,,,
2025-01-26,,,,,,,,,,,,,,,,,,,,,,,,,,,,,,
2025-01-27,1.38,2.83,1.5,4.81,4.43,0.48,,22.42,10.19,9.52,1.69,180.83,14.52,4.18,8.23,26.3,8.85,13.17,17.62,14.34,3.08,16.08,14.28,33.48,21.75,12.41,2.26,3.49,11.88,2.68
2025-01-28,1.5,2.7,1.49,4.69,4.64,0.478,,20.4,9.26,9.11,1.7,194.75,14.99,4.92,8.37,25.87,8.92,13.18,17.8,12.4,3.26,16.17,14.36,33.48,23.25,12.24,2.44,3.45,11.17,2.72
2025-01-29,1.46,2.79,1.42,4.86,4.73,0.466,,22.38,9.39,9.26,1.67,202.0,14.52,4.28,8.33,26.24,9.12,12.83,17.87,12.1,3.18,15.99,14.24,32.75,22.94,12.31,2.47,3.46,10.82,2.67
2025-01-30,1.43,2.8,1.39,4.98,5.01,0.46,,23.52,9.42,9.16,1.68,198.93,14.17,4.15,8.23,27.04,8.9,13.06,18.3,11.48,3.34,16.44,14.21,33.65,23.01,13.55,2.4,3.51,11.34,2.8
2025-01-31,1.38,2.8,1.39,5.05,4.77,0.48,,23.58,9.05,9.22,1.67,199.55,13.84,4.24,8.26,27.73,8.75,12.84,17.91,12.14,3.33,15.78,14.17,33.37,22.2,13.58,2.43,3.65,11.33,2.7
2025-02-01,,,,,,,,,,,,,,,,,,,,,,,,,,,,,,
2025-02-02,,,,,,,,,,,,,,,,,,,,,,,,,,,,,,
2025-02-03,1.32,2.84,1.37,5.0,5.01,0.46,,23.57,8.8,8.76,1.59,202.31,13.74,4.05,8.06,22.66,8.85,12.62,17.5,11.74,3.2,15.4,14.34,33.2,21.39,12.72,2.22,3.42,10.77,2.8
2025-02-04,1.32,2.95,1.38,5.02,5.18,0.472,,23.11,8.9,8.94,1.8,215.31,13.84,4.19,8.02,22.89,8.91,12.85,18.85,11.92,3.2,15.29,14.41,34.38,21.47,12.91,2.24,3.62,11.09,2.86
2025-02-05,1.38,2.93,1.37,4.95,5.07,0.466,,24.26,8.72,8.84,1.84,221.16,14.0,4.14,8.05,23.1,8.89,12.63,18.33,11.4,3.15,15.49,14.65,34.28,21.11,13.56,2.21,3.69,11.06,2.85
2025-02-06,1.39,2.98,1.35,5.13,5.15,0.469,,24.78,8.64,9.1,1.79,216.51,13.87,4.21,7.86,22.76,9.03,12.41,19.72,11.48,3.41,14.8,15.82,32.54,21.19,12.95,2.28,3.75,10.97,2.84
2025-02-07,1.34,2.89,1.32,5.05,5.03,0.457,,24.78,8.47,8.59,1.75,225.23,13.36,4.47,7.78,21.64,8.82,11.74,21.66,11.48,3.61,14.91,15.52,32.46,21.04,12.6,2.38,3.8,10.78,2.77
2025-02-08,,,,,,,,,,,,,,,,,,,,,,,,,,,,,,
2025-02-09,,,,,,,,,,,,,,,,,,,,,,,,,,,,,,
2025-02-10,1.37,2.85,1.33,5.11,5.13,0.44,,25.39,8.36,8.69,1.74,224.93,13.35,5.11,7.83,22.45,9.06,11.48,22.23,11.42,3.63,15.13,15.13,33.09,20.4,12.58,2.28,3.74,10.7,2.79
2025-02-11,1.38,2.9,1.31,5.06,4.76,0.446,,24.07,8.1,8.78,1.67,213.76,13.09,4.88,7.36,21.7,9.17,11.45,21.16,10.0,3.34,14.83,15.01,32.07,19.5,12.52,2.17,3.4,10.29,2.75
2025-02-12,1.47,3.01,1.34,5.05,4.85,0.456,,23.48,8.0,8.49,1.62,216.47,13.0,5.05,7.33,22.39,9.0,11.3,20.98,9.72,3.35,14.77,14.86,31.01,19.44,12.83,2.15,3.53,10.23,2.75
2025-02-13,1.5,2.91,1.37,5.16,4.89,0.466,,24.71,8.58,8.66,1.73,204.95,13.17,4.93,7.58,22.18,9.1,11.53,21.66,10.76,3.42,15.19,15.08,28.56,20.74,13.14,2.14,3.59,10.5,2.83
2025-02-14,1.55,3.03,1.39,5.08,4.87,0.489,,25.41,8.82,8.79,1.73,196.38,13.14,4.54,7.83,22.81,9.16,11.39,21.63,10.2,3.39,16.21,14.92,27.16,21.51,13.39,2.05,3.72,10.72,2.82
2025-02-15,,,,,,,,,,,,,,,,,,,,,,,,,,,,,,
2025-02-16,,,,,,,,,,,,,,,,,,,,,,,,,,,,,,
2025-02-17,,,,,,,,,,,,,,,,,,,,,,,,,,,,,,
2025-02-18,1.58,3.01,1.48,5.12,4.71,0.6,,26.02,8.86,8.74,1.75,187.13,13.34,5.24,7.94,21.97,9.0,11.48,21.43,11.8,3.38,16.83,14.62,27.05,21.82,13.07,1.92,3.56,11.61,2.85
2025-02-19,1.54,3.0,1.45,5.46,4.72,0.543,,26.5,8.61,8.78,1.68,189.66,13.33,4.72,7.59,22.73,8.99,11.36,22.6,12.8,3.36,16.18,14.75,26.85,21.47,12.85,1.73,3.52,12.47,2.8
2025-02-20,1.48,2.99,1.39,5.42,4.5,0.528,,25.99,8.54,7.21,1.63,175.44,13.32,4.25,7.47,22.99,9.0,11.67,22.67,13.14,3.32,15.56,15.99,25.99,28.0,12.8,1.83,3.52,12.1,2.69
2025-02-21,1.39,2.97,1.35,5.01,4.08,0.505,,24.17,8.42,6.62,1.54,166.4,13.31,3.89,6.98,21.95,9.04,11.68,21.78,11.3,3.0,14.67,16.38,25.29,28.34,12.56,1.69,3.3,11.43,2.69
2025-02-22,,,,,,,,,,,,,,,,,,,,,,,,,,,,,,
2025-02-23,,,,,,,,,,,,,,,,,,,,,,,,,,,,,,
2025-02-24,1.41,2.77,1.27,4.81,3.95,0.54,,22.7,8.49,6.77,1.53,165.57,13.32,3.58,6.76,22.06,9.21,11.93,20.33,10.7,2.79,14.36,15.67,24.39,27.28,12.49,1.6,3.0,10.5,2.65
2025-02-25,1.49,2.75,1.2,4.89,3.68,0.504,,21.97,8.37,6.73,1.42,159.99,13.19,3.37,6.5,20.79,8.76,11.7,20.47,9.86,2.52,13.92,15.24,25.11,25.65,12.35,1.5,3.06,9.93,2.56
2025-02-26,1.54,2.75,1.21,6.17,3.72,0.49,,23.4,8.39,6.74,1.48,168.1,13.1,3.53,6.7,19.47,9.0,11.62,21.89,9.66,2.77,14.47,15.57,24.96,26.51,12.6,1.52,3.2,10.03,2.47
2025-02-27,1.43,2.73,1.22,6.29,3.61,0.44,,23.04,7.91,6.58,1.5,159.78,12.88,3.33,6.75,18.83,9.08,11.08,21.5,8.84,2.54,14.07,15.28,26.27,26.17,12.6,1.44,3.16,9.69,2.46
2025-02-28,1.34,2.67,1.23,6.35,4.19,0.44,,24.02,7.25,6.53,1.52,161.78,13.27,3.43,7.0,18.51,9.17,11.09,20.25,8.58,2.55,14.47,15.64,26.39,25.64,13.25,1.46,3.28,9.64,2.49
2025-03-01,,,,,,,,,,,,,,,,,,,,,,,,,,,,,,
2025-03-02,,,,,,,,,,,,,,,,,,,,,,,,,,,,,,
2025-03-03,1.21,2.68,1.13,6.18,3.67,0.385,,23.42,6.17,5.76,1.37,162.45,13.48,3.15,6.46,17.78,9.17,11.02,18.62,8.0,2.34,13.57,15.48,26.01,23.7,13.58,1.34,3.0,8.85,2.32
2025-03-04,1.24,2.77,1.11,6.15,3.48,0.36,,22.7,6.71,5.93,1.35,159.17,13.45,3.22,6.6,17.86,9.17,11.05,20.24,9.2,2.22,13.09,14.38,26.38,24.72,13.59,1.33,3.01,8.98,2.39
2025-03-05,1.23,2.82,1.13,5.99,3.71,0.381,,24.12,6.9,6.38,1.4,168.52,13.35,4.18,6.79,18.63,9.2,11.04,19.45,10.4,2.07,13.43,14.48,27.81,25.4,13.69,1.35,3.36,9.48,2.6
2025-03-06,1.18,2.8,1.15,5.57,3.36,0.375,,22.39,6.87,6.82,1.38,150.72,12.8,3.78,6.64,18.36,9.18,10.92,18.92,8.8,1.99,12.45,14.29,26.88,23.16,13.32,1.3,3.61,8.83,2.6
2025-03-07,1.2,2.84,1.15,5.3,3.6,0.368,,23.08,7.16,7.05,1.38,133.98,12.55,4.16,6.62,18.0,9.0,11.87,19.06,8.82,2.0,12.59,13.42,27.29,24.19,13.58,1.33,3.87,8.85,2.6
2025-03-08,,,,,,,,,,,,,,,,,,,,,,,,,,,,,,
2025-03-09,,,,,,,,,,,,,,,,,,,,,,,,,,,,,,
2025-03-10,1.2,2.86,1.07,4.66,3.07,0.353,,22.62,6.99,6.9,1.26,107.29,12.0,3.8,6.15,15.56,8.42,11.72,18.2,8.0,1.83,11.18,12.53,29.18,21.51,13.11,1.22,3.49,8.15,2.66
2025-03-11,1.11,2.84,1.11,4.63,3.17,0.341,,25.0,6.93,6.63,1.28,122.73,12.52,3.59,6.03,16.26,8.63,8.9,18.5,8.18,1.78,11.26,13.0,29.06,20.97,13.6,1.2,3.73,8.32,2.55
2025-03-12,1.21,2.93,1.13,4.94,3.23,0.353,,24.55,6.57,5.67,1.27,130.68,12.65,3.73,6.31,15.67,8.5,8.37,18.51,8.6,1.88,11.92,13.12,29.6,21.51,14.67,1.24,3.91,8.88,2.6
2025-03-13,1.11,2.99,1.08,4.77,2.99,0.35,,23.93,6.21,5.47,1.64,121.53,11.98,3.55,5.99,15.42,8.39,7.98,18.69,8.14,1.79,11.39,13.1,29.52,20.48,14.15,1.18,3.67,8.78,2.76
2025-03-14,1.14,3.06,1.13,5.07,3.26,0.354,,24.47,6.5,5.97,1.54,128.21,12.04,3.67,6.24,16.13,8.1,7.84,19.06,8.6,2.04,12.09,12.95,30.43,20.77,14.1,1.25,3.62,9.34,2.61
2025-03-15,,,,,,,,,,,,,,,,,,,,,,,,,,,,,,
2025-03-16,,,,,,,,,,,,,,,,,,,,,,,,,,,,,,
2025-03-17,1.19,3.19,1.15,5.25,3.26,0.366,,24.19,6.97,6.1,1.43,125.56,12.21,4.16,6.43,16.21,8.43,8.31,19.6,9.04,2.23,12.32,13.04,31.89,21.46,13.94,1.34,3.75,9.77,2.81
2025-03-18,1.15,3.63,1.13,5.25,2.96,0.355,,23.81,6.51,6.33,1.31,110.1,12.02,3.84,6.17,15.88,8.2,8.1,19.77,8.1,2.23,11.95,12.61,31.25,21.15,14.0,1.3,3.64,9.36,2.8
2025-03-19,1.19,3.55,1.1,5.53,3.3,0.342,,24.31,6.66,6.2,1.36,109.91,11.89,4.03,6.49,16.94,8.45,8.47,20.5,9.18,2.2,12.73,13.12,32.56,21.56,14.0,1.29,3.65,9.12,2.89
2025-03-20,1.19,3.63,1.1,5.49,3.21,0.339,,25.41,6.71,6.14,1.28,108.75,11.6,3.7,6.33,16.45,8.32,8.3,19.96,8.6,2.31,12.64,14.1,31.7,21.03,14.1,1.31,3.73,8.96,2.86
2025-03-21,1.2,3.51,1.11,5.6,3.2,0.321,,23.95,6.59,5.99,1.27,115.7,11.66,3.72,6.64,16.46,8.89,8.17,19.27,8.4,3.11,12.87,13.71,30.81,21.55,14.35,1.28,3.65,8.9,2.82
2025-03-22,,,,,,,,,,,,,,,,,,,,,,,,,,,,,,
2025-03-23,,,,,,,,,,,,,,,,,,,,,,,,,,,,,,
2025-03-24,1.23,3.52,1.15,5.8,3.47,0.331,,23.03,6.38,6.53,1.26,124.94,11.49,3.81,6.77,17.43,8.01,9.27,18.06,8.34,3.3,13.72,13.73,32.53,22.73,14.72,1.35,3.78,9.06,2.83
2025-03-25,1.2,3.22,1.12,5.87,3.28,0.35,,23.11,6.56,6.42,1.21,125.43,11.73,3.88,6.66,17.3,8.03,9.03,18.62,8.0,3.3,13.54,13.44,32.96,22.89,14.22,1.36,3.78,9.03,2.77
2025-03-26,1.2,3.0,1.09,5.62,2.91,0.342,,22.28,6.21,6.38,1.18,120.2,11.2,3.61,6.57,16.65,7.48,8.83,18.3,7.78,3.06,13.07,13.13,31.42,22.07,14.24,1.34,3.81,8.89,2.7
2025-03-27,1.17,3.46,1.11,5.54,2.93,0.35,,21.99,6.01,6.48,1.16,110.23,11.51,3.47,6.43,16.71,7.58,8.5,18.26,7.4,2.95,12.2,13.56,31.47,21.58,14.32,1.36,3.87,8.6,2.78
2025-03-28,1.13,3.0,1.08,5.37,2.72,0.328,,20.33,5.94,6.28,1.12,107.71,10.91,3.33,6.11,15.61,7.55,8.36,18.49,7.8,2.81,11.85,13.18,30.68,20.54,14.12,1.29,3.66,7.88,2.91
2025-03-29,,,,,,,,,,,,,,,,,,,,,,,,,,,,,,
2025-03-30,,,,,,,,,,,,,,,,,,,,,,,,,,,,,,
2025-03-31,1.02,2.96,1.05,5.31,2.73,0.328,,19.66,5.86,6.12,1.15,104.9,10.8,2.67,6.02,15.22,7.39,8.07,18.11,7.0,2.68,11.63,12.28,29.69,19.59,13.99,1.29,3.54,7.29,2.77
2025-04-01,1.005,3.08,1.04,5.37,2.88,0.336,,21.24,6.49,6.18,1.22,110.05,10.56,2.66,5.93,15.91,8.1,8.15,18.12,6.76,2.58,11.91,12.01,29.3,20.19,14.05,1.29,3.34,7.85,2.86
2025-04-02,1.01,3.08,1.05,5.39,2.98,0.329,,21.12,6.78,6.24,1.26,109.5,10.56,2.56,6.04,15.94,8.44,8.49,18.15,6.84,2.76,12.31,12.97,31.16,20.91,14.1,1.22,3.78,7.84,3.01
2025-04-03,0.965,2.8,1.01,4.1,2.65,0.313,,19.34,6.59,5.18,1.07,96.9,9.82,2.38,5.66,14.87,9.0,6.55,16.62,6.62,2.54,10.64,12.46,30.42,18.19,13.33,1.11,3.51,6.85,2.9
2025-04-04,0.988,2.61,0.973,3.62,2.6,0.3,,16.6,6.99,4.78,1.02,86.91,9.47,2.21,5.36,15.07,8.86,7.07,15.51,6.94,2.38,9.57,11.25,27.82,16.92,13.34,1.04,3.43,7.26,2.85
2025-04-05,,,,,,,,,,,,,,,,,,,,,,,,,,,,,,
2025-04-06,,,,,,,,,,,,,,,,,,,,,,,,,,,,,,
2025-04-07,1.03,2.29,0.927,3.64,2.67,0.294,,17.24,6.57,4.63,1.0,93.0,9.34,2.21,5.58,12.85,9.09,6.72,15.86,7.54,2.44,9.86,11.01,28.24,17.25,12.0,1.01,3.46,7.22,2.75
2025-04-08,0.969,2.17,0.936,3.41,2.26,0.27,,17.02,5.66,4.59,0.93,88.89,9.13,2.09,5.33,12.2,9.19,6.1,13.73,6.84,2.12,9.5,10.56,28.92,16.75,11.69,1.03,3.31,6.78,2.6
2025-04-09,1.09,2.48,1.04,3.86,2.58,0.274,,17.87,6.43,5.12,1.06,110.86,9.6,2.48,6.26,13.66,9.0,7.66,14.56,7.0,2.54,11.39,11.52,31.83,19.99,12.35,1.11,3.49,8.76,2.74
2025-04-10,0.986,2.46,1.02,3.44,2.24,0.343,,16.85,6.03,4.66,0.98,102.01,9.07,2.36,6.02,12.59,8.79,6.75,13.64,6.72,2.34,10.52,10.52,31.71,19.08,11.32,1.05,3.49,8.13,2.64
2025-04-11,1.02,2.32,1.13,3.36,2.38,0.357,,17.64,6.29,4.77,0.97,101.15,9.15,2.36,5.93,13.02,8.77,6.63,13.81,7.12,2.43,10.71,11.16,33.24,19.23,11.61,1.16,3.65,8.52,2.92
2025-04-12,,,,,,,,,,,,,,,,,,,,,,,,,,,,,,
2025-04-13,,,,,,,,,,,,,,,,,,,,,,,,,,,,,,
2025-04-14,0.953,2.52,1.12,3.44,2.47,0.376,,17.9,6.82,4.72,0.95,98.26,9.44,2.43,6.02,13.62,9.0,6.42,14.46,6.74,2.41,10.82,11.24,32.99,18.16,11.88,1.13,3.9,8.3,2.9
2025-04-15,0.916,2.55,1.07,3.64,2.29,0.39,,18.31,6.71,4.62,0.97,96.46,9.3,2.46,5.87,13.36,8.0,6.18,14.43,6.56,2.44,10.94,11.33,32.96,18.82,11.79,1.06,3.88,8.54,2.93
2025-04-16,0.927,2.56,1.06,3.44,2.3,0.356,,17.83,6.53,4.54,0.92,95.38,9.25,2.45,5.79,13.2,8.59,6.05,14.13,5.9,2.25,10.66,11.05,33.27,18.89,11.47,1.08,3.82,8.16,2.93
2025-04-17,0.954,2.56,1.1,3.33,2.35,0.372,,17.0,6.85,4.52,0.93,96.16,9.39,2.49,5.89,13.15,8.65,6.39,13.93,7.48,2.14,10.98,11.54,33.09,19.23,11.47,1.03,3.98,8.09,3.01
2025-04-18,,,,,,,,,,,,,,,,,,,,,,,,,,,,,,
2025-04-19,,,,,,,,,,,,,,,,,,,,,,,,,,,,,,
2025-04-20,,,,,,,,,,,,,,,,,,,,,,,,,,,,,,
2025-04-21,0.933,2.55,1.13,3.02,2.25,0.36,,16.38,6.57,4.5,0.91,94.15,8.92,2.33,5.81,13.09,8.65,6.93,13.13,7.06,2.07,10.69,11.93,31.92,19.25,11.38,1.01,4.23,7.96,3.05
2025-04-22,0.992,2.62,1.15,3.23,2.65,0.379,,16.88,6.88,4.84,0.9,101.66,9.2,2.34,5.89,14.17,8.44,6.67,13.81,8.0,2.17,11.27,12.92,32.12,20.17,11.87,1.02,4.92,8.3,3.22
2025-04-23,0.841,2.69,1.12,3.79,2.79,0.38,,17.26,6.66,4.87,0.93,107.17,9.38,2.42,6.16,14.88,8.41,6.62,13.95,8.14,2.34,11.74,13.0,32.96,20.95,12.16,1.06,5.06,8.12,3.25
2025-04-24,0.777,2.73,1.14,3.8,3.04,0.38,,18.14,7.05,5.14,0.91,112.25,9.42,2.49,6.48,14.67,8.5,6.94,14.48,8.14,2.49,12.31,13.3,33.29,22.31,11.98,1.14,5.24,8.69,3.27
2025-04-25,0.764,2.71,1.14,3.91,3.0,0.37,,18.93,7.39,5.18,0.9,118.1,9.44,2.56,6.5,15.02,8.45,6.97,14.79,8.3,2.56,12.88,13.33,33.59,22.45,12.26,1.11,5.36,8.76,3.18
2025-04-26,,,,,,,,,,,,,,,,,,,,,,,,,,,,,,
2025-04-27,,,,,,,,,,,,,,,,,,,,,,,,,,,,,,
2025-04-28,0.777,2.58,1.13,3.95,3.02,0.37,,19.24,7.5,5.17,0.96,121.21,9.31,2.52,6.45,14.95,8.61,6.89,14.81,8.38,2.54,13.2,13.42,33.5,22.12,12.35,1.13,5.01,8.7,3.19
2025-04-29,0.769,2.67,1.11,3.88,2.92,0.362,,18.91,7.42,5.24,1.01,122.14,9.47,2.5,6.56,15.17,8.61,6.73,12.77,8.3,2.22,13.27,13.7,34.42,22.31,11.72,0.96,4.9,8.34,3.26
2025-04-30,0.758,2.6,1.09,3.74,2.78,0.35,,18.32,6.89,5.02,1.01,116.57,9.06,2.45,6.3,14.85,8.3,6.61,12.74,10.82,2.16,12.51,14.15,33.78,21.07,12.33,0.8,5.11,8.53,3.2
2025-05-01,0.748,2.7,1.1,4.55,3.24,0.355,,16.81,7.19,5.02,1.06,118.79,9.04,2.45,6.31,15.34,8.5,7.11,12.77,10.74,2.19,12.51,13.82,34.93,21.19,12.32,0.75,5.14,8.36,3.26
2025-05-02,0.745,2.57,1.11,4.76,3.21,0.367,,16.44,7.29,5.21,1.09,113.83,9.36,2.51,6.71,15.31,8.3,7.4,12.89,10.32,2.35,12.7,13.73,36.29,21.44,12.15,0.93,5.32,8.71,3.4
2025-05-03,,,,,,,,,,,,,,,,,,,,,,,,,,,,,,
2025-05-04,,,,,,,,,,,,,,,,,,,,,,,,,,,,,,
2025-05-05,0.739,2.66,1.13,4.75,2.99,0.368,,16.32,6.98,5.15,1.18,116.33,8.88,2.44,6.48,15.09,8.03,6.97,12.77,10.06,2.28,12.86,13.57,35.88,21.47,12.33,0.87,5.15,8.26,3.28
2025-05-06,0.701,2.65,1.13,4.83,3.12,0.369,,16.34,7.06,5.02,1.16,109.99,8.79,2.45,6.36,14.84,8.45,6.43,13.11,10.02,2.32,12.73,10.64,36.23,21.32,12.44,0.88,4.65,8.19,3.0
2025-05-07,0.872,2.53,1.2,4.91,3.05,0.376,,16.53,7.39,4.94,1.25,105.53,8.9,2.42,6.42,14.92,8.25,6.43,13.0,10.4,2.36,13.01,9.99,36.06,20.66,11.1,0.88,4.87,8.36,3.06
2025-05-08,0.872,2.66,1.27,4.88,3.3,0.36,,17.24,8.5,5.39,1.25,107.83,9.19,2.5,6.65,17.62,8.1,6.97,13.26,11.06,2.49,13.26,11.01,34.22,20.65,11.26,0.91,4.58,8.43,3.22
2025-05-09,0.671,2.53,1.3,4.82,3.01,0.356,,17.62,9.38,5.57,1.31,108.46,8.76,2.68,6.78,19.39,8.44,6.62,13.1,10.72,2.47,13.18,10.7,33.61,20.56,11.18,0.9,4.61,8.45,2.86
2025-05-10,,,,,,,,,,,,,,,,,,,,,,,,,,,,,,
2025-05-11,,,,,,,,,,,,,,,,,,,,,,,,,,,,,,
2025-05-12,0.707,2.84,1.43,5.5,3.48,0.36,,18.91,10.96,6.16,1.31,111.21,8.91,2.74,7.01,20.46,8.93,7.47,14.01,11.74,2.74,14.04,10.99,33.93,21.84,11.71,0.89,4.6,9.11,3.02
2025-05-13,0.711,2.83,1.43,5.68,3.83,0.355,,19.16,11.9,6.27,1.29,112.84,8.91,2.87,7.19,22.39,8.89,7.95,15.02,11.0,2.87,14.29,10.19,33.78,21.95,11.28,0.95,4.49,9.25,2.97
2025-05-14,0.75,2.75,1.36,5.79,3.66,0.336,,20.25,12.7,6.0,1.26,125.32,8.72,2.65,7.17,21.65,8.32,8.0,14.98,11.12,2.83,14.03,9.28,33.53,21.54,10.84,0.88,4.35,9.39,2.99
2025-05-15,0.731,2.62,1.37,5.71,3.52,0.29,,19.82,12.85,5.88,1.46,113.59,8.69,2.49,7.16,21.03,8.19,8.26,14.84,10.84,2.73,13.57,8.95,34.39,21.22,12.02,0.87,4.52,9.29,3.11
2025-05-16,0.784,2.78,1.38,5.88,3.89,0.296,,20.11,12.25,5.97,1.59,113.23,9.01,2.61,7.39,21.56,8.42,8.45,14.59,10.86,2.72,13.92,9.05,35.21,22.81,12.33,0.91,4.84,9.29,3.07
2025-05-17,,,,,,,,,,,,,,,,,,,,,,,,,,,,,,
2025-05-18,,,,,,,,,,,,,,,,,,,,,,,,,,,,,,
2025-05-19,0.793,2.84,1.3,5.84,4.0,0.293,,19.23,11.29,5.96,1.65,107.99,8.75,2.57,7.03,20.94,8.37,8.33,14.35,10.76,2.62,13.73,9.3,35.13,22.24,12.47,0.89,5.36,9.04,3.13
2025-05-20,0.741,2.66,1.33,5.81,3.92,0.287,,19.11,11.54,5.95,1.69,105.64,8.88,2.6,6.97,20.78,8.4,8.19,14.28,10.56,2.55,13.27,10.57,35.74,22.23,13.07,0.82,5.52,8.94,3.135
2025-05-21,0.689,2.62,1.31,5.55,3.91,0.277,,18.21,10.66,5.62,1.5,95.85,8.52,2.45,6.63,20.89,8.12,7.71,13.9,9.76,2.42,12.8,10.65,34.33,20.81,13.16,0.78,5.43,8.47,2.91
2025-05-22,0.68,2.55,1.34,5.49,4.09,0.292,,18.37,6.71,5.7,1.55,98.32,8.35,2.51,6.64,21.89,7.98,8.0,13.56,9.1,2.52,13.19,10.81,35.2,21.86,12.54,0.81,5.36,8.83,2.93
2025-05-23,0.681,2.55,1.51,5.7,3.93,0.324,,19.48,6.88,5.55,1.49,100.76,8.28,2.59,6.63,21.27,7.83,7.38,13.73,9.2,2.71,13.09,9.85,36.01,20.75,12.86,0.81,5.31,8.85,2.84
2025-05-24,,,,,,,,,,,,,,,,,,,,,,,,,,,,,,
2025-05-25,,,,,,,,,,,,,,,,,,,,,,,,,,,,,,
2025-05-26,,,,,,,,,,,,,,,,,,,,,,,,,,,,,,
2025-05-27,0.687,2.54,1.66,6.22,3.94,0.33,,19.76,7.19,5.83,1.6,104.62,8.78,2.5,6.88,22.34,7.83,7.8,13.99,9.52,2.81,13.39,9.93,38.12,21.81,13.13,0.86,4.72,9.9,1.94
2025-05-28,0.678,2.5,1.81,6.14,3.79,0.321,,19.59,6.75,5.7,1.54,105.43,8.8,2.75,8.86,21.73,7.95,7.99,13.61,9.3,2.98,13.32,10.12,37.33,24.54,12.91,0.85,4.79,10.06,2.135
2025-05-29,0.686,2.46,1.68,6.28,3.64,0.341,,18.57,6.85,5.76,1.49,109.03,8.97,2.37,8.52,22.0,7.85,7.93,13.82,9.26,2.83,13.17,10.62,36.43,23.77,13.75,0.86,4.9,9.96,2.24
2025-05-30,0.652,2.54,1.56,6.04,3.53,0.359,,18.47,7.49,5.72,1.48,112.35,9.14,2.33,7.82,21.36,7.76,8.02,13.36,9.78,2.69,13.3,10.54,36.89,26.08,13.47,0.79,5.15,9.54,2.28
2025-05-31,,,,,,,,,,,,,,,,,,,,,,,,,,,,,,
2025-06-01,,,,,,,,,,,,,,,,,,,,,,,,,,,,,,
2025-06-02,0.597,2.36,1.42,5.63,3.61,0.35,,18.28,7.14,6.17,1.5,112.11,9.01,2.16,7.5,21.02,8.2,8.05,13.05,9.58,2.64,13.67,10.98,38.04,26.24,12.96,1.29,5.1,9.66,2.4
2025-06-03,0.591,2.47,1.47,6.0,3.78,0.331,,20.41,8.28,6.53,1.58,110.86,9.28,2.52,8.03,21.79,8.85,8.26,13.56,10.08,2.65,13.66,11.19,39.09,26.2,13.53,1.23,5.12,10.24,2.4
2025-06-04,0.628,2.42,1.45,5.97,4.24,0.32,,20.25,8.16,6.49,1.53,118.21,9.17,2.44,7.87,21.79,8.79,8.02,13.65,10.92,2.74,13.46,10.96,40.1,26.06,13.0,1.06,4.92,11.69,2.49
2025-06-05,0.66,2.48,1.42,5.83,3.83,0.343,,20.45,8.38,6.49,1.45,112.24,9.12,2.36,7.56,20.98,9.85,8.46,13.62,10.66,2.63,13.67,11.16,40.36,24.79,12.89,1.06,5.05,11.06,2.38
2025-06-06,0.68,2.37,1.61,6.06,4.35,0.339,,21.78,8.51,6.17,1.46,121.29,9.38,2.39,8.12,20.61,11.39,8.63,14.37,11.26,2.9,14.24,11.45,40.47,25.13,13.92,1.24,5.33,11.34,2.44
2025-06-07,,,,,,,,,,,,,,,,,,,,,,,,,,,,,,
2025-06-08,,,,,,,,,,,,,,,,,,,,,,,,,,,,,,
2025-06-09,0.566,2.41,1.57,6.11,4.53,0.341,,21.43,8.27,6.48,1.37,117.53,9.39,2.6,9.23,21.41,9.9,8.89,14.61,12.14,3.15,14.1,11.09,40.59,24.69,14.39,1.47,5.44,11.78,2.38
2025-06-10,0.603,2.42,1.63,6.15,4.52,0.342,,21.63,8.86,6.97,1.41,117.09,9.55,2.51,9.44,23.03,8.63,9.27,14.75,12.64,3.13,14.39,11.24,39.3,24.84,15.37,1.4,5.76,12.21,2.33
2025-06-11,0.608,2.45,1.87,6.2,4.41,0.36,,22.53,8.7,6.88,1.36,115.03,9.53,2.4,9.63,23.34,8.91,8.78,14.55,12.08,3.34,15.06,10.9,40.4,24.23,14.68,1.19,5.42,11.64,2.2
2025-06-12,0.601,2.39,1.77,6.33,4.26,0.35,,22.25,8.47,6.61,1.38,116.2,9.28,2.23,8.87,22.34,8.9,8.72,14.23,9.82,3.94,14.9,10.67,41.24,24.98,14.33,1.2,5.52,11.92,2.26
2025-06-13,0.575,2.31,1.75,5.81,4.02,0.34,,21.95,10.0,6.33,1.33,118.18,9.1,2.07,8.6,20.96,8.58,8.12,13.91,9.1,3.82,14.09,10.25,41.76,23.66,14.57,1.3,5.52,11.32,2.21
2025-06-14,,,,,,,,,,,,,,,,,,,,,,,,,,,,,,
2025-06-15,,,,,,,,,,,,,,,,,,,,,,,,,,,,,,
2025-06-16,0.556,2.31,1.93,5.69,4.33,0.33,,22.91,9.64,6.61,1.36,126.2,9.19,1.96,9.0,22.07,8.06,8.93,14.4,9.4,4.08,14.9,9.99,41.21,24.4,14.62,1.53,5.44,11.78,2.18
2025-06-17,0.567,2.28,1.93,5.7,3.95,0.325,,21.34,5.78,6.5,1.31,133.84,8.75,2.01,8.65,20.98,8.5,8.47,13.95,8.82,3.78,14.43,9.64,43.23,23.55,14.6,1.29,5.33,11.35,2.04
2025-06-18,0.58,2.39,1.98,6.01,3.84,0.32,,21.5,6.13,6.5,1.36,141.16,8.61,2.07,8.84,20.65,7.9,8.32,14.14,8.72,3.77,15.36,9.69,42.16,23.91,15.21,1.26,5.1,11.51,2.07
2025-06-19,,,,,,,,,,,,,,,,,,,,,,,,,,,,,,
2025-06-20,0.535,2.43,1.8,6.32,3.74,0.315,,21.75,6.23,6.45,1.36,139.15,8.79,1.92,8.54,20.0,7.5,8.23,13.89,8.36,3.84,15.2,9.48,43.11,23.07,14.93,1.16,5.05,11.15,2.06
2025-06-21,,,,,,,,,,,,,,,,,,,,,,,,,,,,,,
2025-06-22,,,,,,,,,,,,,,,,,,,,,,,,,,,,,,
2025-06-23,0.53,2.44,1.86,6.46,3.57,0.306,,22.56,6.24,6.36,1.3,134.14,8.65,1.91,8.51,19.18,8.3,8.1,14.04,7.44,3.45,15.36,9.19,43.63,23.3,14.56,1.12,5.02,11.25,2.16
2025-06-24,0.55,2.44,1.87,7.33,3.84,0.32,,22.95,7.2,6.49,1.33,140.79,8.86,3.6,8.83,20.15,8.57,8.22,14.33,7.07,3.79,15.85,9.22,40.77,24.04,14.76,1.06,6.41,11.97,2.28
2025-06-25,0.512,2.52,1.95,7.75,3.8,0.319,,21.6,7.28,6.5,1.31,141.68,8.96,2.54,8.52,20.14,9.16,8.11,14.34,6.17,3.78,16.08,8.9,42.33,24.15,14.91,1.12,6.26,11.67,2.19
2025-06-26,0.538,2.69,2.28,8.19,4.39,0.322,,22.33,7.75,6.7,1.48,143.95,9.0,3.41,9.48,20.19,9.75,8.33,14.47,6.71,4.27,16.77,9.3,41.33,23.4,14.79,1.15,6.5,12.75,2.21
2025-06-27,0.558,2.55,2.15,8.2,4.22,0.327,27.0,22.18,7.43,6.98,1.5,143.01,9.26,3.27,9.44,20.01,10.83,8.44,15.13,6.43,4.07,17.18,9.04,45.84,24.32,14.43,1.08,6.33,12.52,2.21
2025-06-28,,,,,,,,,,,,,,,,,,,,,,,,,,,,,,
2025-06-29,,,,,,,,,,,,,,,,,,,,,,,,,,,,,,
2025-06-30,0.533,2.66,2.19,8.28,4.38,0.318,30.2,23.92,8.18,6.82,1.48,150.57,9.35,3.69,10.55,20.86,10.85,8.48,15.17,6.23,4.21,18.21,9.36,46.45,24.2,14.27,1.03,6.41,12.93,2.28
2025-07-01,0.565,2.82,2.2,8.2,4.44,0.316,33.0,22.13,9.04,7.06,1.58,152.23,9.84,3.41,9.81,19.89,11.51,9.16,15.3,6.36,3.91,17.64,8.82,43.07,24.01,14.67,1.08,6.41,14.11,2.05
2025-07-02,0.566,2.76,2.47,8.31,5.04,0.301,33.8,22.56,8.99,7.39,1.67,159.34,10.01,3.33,10.16,21.58,11.37,9.2,17.71,7.52,4.38,18.12,9.0,43.28,24.28,15.74,1.1,6.57,15.13,2.1
2025-07-03,0.61,2.98,2.46,8.67,5.26,5.83,35.25,24.24,10.5,7.58,1.63,157.03,10.25,4.1,10.55,21.32,12.33,9.28,18.98,8.61,4.68,18.57,9.0,44.66,26.13,16.33,1.09,6.3,15.6,2.19
2025-07-04,,,,,,,,,,,,,,,,,,,,,,,,,,,,,,
2025-07-05,,,,,,,,,,,,,,,,,,,,,,,,,,,,,,
2025-07-06,,,,,,,,,,,,,,,,,,,,,,,,,,,,,,
2025-07-07,0.626,3.48,2.28,8.25,4.8,5.65,40.0,24.36,11.11,7.24,1.59,153.37,9.43,4.55,10.66,21.07,12.34,9.02,17.45,8.87,4.94,19.24,8.73,44.78,27.86,18.35,1.15,6.76,14.82,2.34
2025-07-08,0.732,5.12,2.51,7.81,4.82,6.02,39.55,24.3,9.84,7.43,1.73,145.96,9.63,6.1,11.39,21.63,13.59,9.08,19.32,9.04,5.53,19.95,8.75,44.34,29.4,19.94,1.15,6.98,15.17,2.27
2025-07-09,0.737,5.55,2.58,7.93,4.93,6.39,39.35,28.71,10.51,7.57,1.71,145.65,9.49,6.73,11.56,22.93,14.67,9.35,18.91,8.67,5.96,20.22,9.24,46.02,29.35,20.92,1.2,7.24,13.29,2.37
2025-07-10,0.883,6.09,2.61,7.86,5.13,6.1,39.55,25.85,10.87,7.62,1.74,143.0,9.4,7.58,12.33,23.34,16.29,9.65,20.1,9.32,6.5,20.97,9.82,46.27,29.16,20.98,1.24,7.39,14.59,2.3
2025-07-11,0.779,10.32,2.49,7.53,4.89,6.12,39.05,25.4,10.11,7.61,1.7,145.59,9.0,8.8,12.04,24.92,16.5,9.57,20.14,8.38,6.44,21.2,9.59,51.71,28.93,21.77,1.6,7.68,14.11,2.39
2025-07-12,,,,,,,,,,,,,,,,,,,,,,,,,,,,,,
2025-07-13,,,,,,,,,,,,,,,,,,,,,,,,,,,,,,
2025-07-14,0.901,9.57,2.67,7.78,5.11,5.88,37.0,25.96,10.36,7.47,1.66,146.38,8.93,6.7,12.63,24.85,17.57,9.71,20.16,8.47,6.73,21.33,9.85,51.99,29.22,22.96,1.49,8.41,13.86,2.51
2025-07-15,1.04,14.0,3.18,7.29,4.87,5.96,33.95,25.31,10.7,7.14,1.59,144.8,8.84,5.95,13.95,25.19,17.24,9.27,19.73,8.68,7.49,20.96,9.21,51.12,29.69,22.96,1.26,8.12,14.05,2.29
2025-07-16,1.49,12.95,3.11,7.51,5.25,6.18,34.9,24.69,10.34,7.25,1.58,144.31,8.72,6.21,16.33,28.02,17.15,9.39,19.83,8.63,7.45,21.39,9.25,54.28,33.94,23.65,1.46,8.43,14.78,2.31
2025-07-17,1.65,14.18,3.22,7.72,5.36,5.97,35.0,24.31,9.96,7.31,1.64,142.52,8.66,5.92,17.72,28.26,18.93,9.63,20.9,9.27,8.06,22.09,9.67,58.91,36.52,23.62,1.47,8.28,15.48,2.34
2025-07-18,2.25,13.19,3.77,7.85,5.13,5.94,35.0,24.99,10.24,7.25,1.59,148.24,8.44,5.3,17.78,29.41,20.34,9.58,20.69,13.5,8.66,21.81,9.46,59.12,36.75,24.45,2.02,8.34,15.07,2.26
2025-07-19,,,,,,,,,,,,,,,,,,,,,,,,,,,,,,
2025-07-20,,,,,,,,,,,,,,,,,,,,,,,,,,,,,,
2025-07-21,3.21,12.91,3.73,7.85,4.99,5.94,37.58,25.36,10.46,7.28,1.59,146.29,18.76,4.95,16.84,30.93,20.08,10.42,21.06,16.64,8.38,21.16,9.73,58.78,35.92,22.12,1.94,8.21,16.45,2.29
2025-07-22,2.88,11.96,4.04,7.59,5.26,6.0,39.25,25.93,11.16,7.51,1.78,145.8,18.73,5.1,16.61,30.34,20.91,14.34,24.6,15.51,8.19,20.98,10.31,55.42,34.23,22.86,2.12,7.87,20.1,2.41
2025-07-23,2.29,12.15,3.98,8.22,5.2,6.25,38.83,26.89,10.64,7.84,1.82,146.1,18.78,4.94,17.59,29.7,20.15,12.3,23.19,14.84,8.03,21.56,10.22,58.78,33.41,23.2,2.97,8.39,22.18,2.49
2025-07-24,2.42,11.35,4.31,7.93,5.32,6.48,38.01,33.06,10.58,7.51,1.77,148.13,18.73,5.61,17.51,30.95,19.25,13.63,25.05,14.44,8.29,21.51,9.99,58.66,33.34,23.07,2.98,8.3,21.32,2.55
2025-07-25,2.54,11.13,4.31,7.97,5.17,6.15,41.02,34.34,10.78,7.57,1.84,149.66,18.72,5.79,18.1,30.15,18.46,12.79,23.28,14.99,8.2,21.2,9.63,59.77,32.77,23.08,2.75,8.15,21.74,2.58
2025-07-26,,,,,,,,,,,,,,,,,,,,,,,,,,,,,,
2025-07-27,,,,,,,,,,,,,,,,,,,,,,,,,,,,,,
2025-07-28,2.34,13.73,4.05,8.13,5.1,5.92,41.96,34.78,11.15,7.56,1.85,151.6,18.82,5.11,17.16,31.42,17.51,12.83,22.94,18.91,8.29,21.02,9.57,59.36,33.49,24.57,2.39,7.99,20.91,2.66
2025-07-29,2.05,12.57,3.23,8.34,5.22,5.54,39.23,34.75,10.75,7.28,1.76,144.85,18.81,4.67,16.89,31.12,16.25,11.69,23.31,15.17,7.14,22.4,10.35,57.09,32.54,24.26,2.37,7.95,18.78,2.62
2025-07-30,2.07,12.1,3.17,8.12,5.01,5.43,42.19,37.62,10.15,6.89,1.7,149.33,18.88,4.43,16.82,31.09,16.44,11.37,22.63,14.24,7.01,21.87,9.99,58.01,32.97,22.99,2.07,7.97,17.84,2.56
2025-07-31,1.84,13.46,3.19,8.2,5.16,5.17,42.31,37.39,10.26,6.62,1.69,160.59,18.79,4.18,16.66,30.86,14.59,10.84,21.76,13.02,6.93,22.58,9.92,58.7,33.36,21.92,2.01,8.03,16.9,2.59
2025-08-01,2.1,13.0,3.11,7.79,4.76,4.83,42.99,36.72,9.85,6.26,1.59,188.64,18.76,3.96,17.16,28.98,12.81,10.73,20.67,12.23,6.36,21.23,9.98,56.71,31.83,21.6,1.92,7.72,16.84,2.59
2025-08-02,,,,,,,,,,,,,,,,,,,,,,,,,,,,,,
2025-08-03,,,,,,,,,,,,,,,,,,,,,,,,,,,,,,
2025-08-04,2.46,17.42,3.37,14.51,4.89,4.89,44.89,36.1,9.7,6.37,1.64,201.76,18.77,4.44,20.39,30.32,16.38,11.39,20.65,13.48,7.54,21.81,10.38,59.5,34.01,21.8,2.41,7.96,19.03,2.57
2025-08-05,2.52,24.06,3.62,14.77,5.06,4.64,41.65,37.61,9.42,6.56,1.63,199.09,18.86,4.3,19.49,29.51,15.0,11.5,21.41,11.91,8.32,21.54,12.57,59.4,33.94,20.93,2.48,8.18,18.48,2.7
2025-08-06,1.9,25.33,3.43,14.44,5.15,4.28,41.07,38.86,9.07,6.28,1.72,212.81,18.82,4.08,18.93,30.46,16.07,11.75,21.91,11.65,7.9,21.46,12.89,58.93,31.92,20.98,2.31,8.19,18.18,2.74
2025-08-07,1.85,24.3,4.48,14.99,4.94,4.29,38.03,36.8,12.0,8.46,1.71,211.82,18.85,4.16,17.25,31.99,16.85,11.29,21.59,12.45,7.72,22.08,12.72,59.08,33.57,21.34,2.24,7.84,18.81,2.63
2025-08-08,1.95,24.85,3.9,15.58,5.03,4.36,38.23,36.8,11.85,9.39,1.67,215.44,18.81,3.99,16.64,33.59,15.5,11.12,21.21,12.72,8.06,22.1,12.48,63.88,33.25,21.06,2.09,7.64,18.2,2.64
2025-08-09,,,,,,,,,,,,,,,,,,,,,,,,,,,,,,
2025-08-10,,,,,,,,,,,,,,,,,,,,,,,,,,,,,,
2025-08-11,2.31,31.8,3.91,15.24,5.4,4.39,33.54,37.65,11.6,9.41,1.72,220.75,18.83,4.12,17.07,35.2,15.5,12.21,21.9,13.93,7.69,22.42,12.51,65.41,33.19,21.4,2.03,7.82,17.48,2.7
2025-08-12,2.47,34.24,4.13,15.25,5.24,4.55,33.12,41.25,11.42,10.41,1.75,224.02,18.85,4.19,18.01,37.35,15.36,12.83,21.78,14.18,7.76,23.65,12.97,69.14,37.29,21.92,2.13,8.2,19.45,2.58
2025-08-13,2.42,34.76,4.82,15.24,5.46,4.55,33.23,44.08,10.93,11.16,1.81,234.77,18.85,4.88,17.79,39.15,14.75,14.0,21.8,15.24,7.67,23.81,13.45,68.75,37.94,23.57,2.15,8.3,20.16,2.7
2025-08-14,3.04,35.11,5.37,15.07,8.71,4.45,32.18,45.11,10.48,11.46,2.35,243.47,18.83,4.75,17.37,37.48,14.01,14.46,21.26,14.7,7.44,23.29,14.73,69.12,38.42,23.94,2.05,8.41,18.86,3.01
2025-08-15,3.17,33.86,5.06,15.5,8.97,4.36,31.74,45.28,13.92,11.58,3.1,246.5,18.85,4.43,16.63,36.22,13.95,13.77,22.97,14.78,7.11,23.77,15.74,68.5,38.01,23.33,2.05,8.0,18.31,3.04
2025-08-16,,,,,,,,,,,,,,,,,,,,,,,,,,,,,,
2025-08-17,,,,,,,,,,,,,,,,,,,,,,,,,,,,,,
